customer_id,plan,mrr,month,status,start_date
C0001,Pro,79,2024-07,active,2024-07-01
C0001,Pro,79,2024-08,active,2024-07-01
C0001,Pro,79,2024-09,active,2024-07-01
C0001,Pro,79,2024-10,active,2024-07-01
C0001,Pro,79,2024-11,active,2024-07-01
C0001,Pro,79,2024-12,active,2024-07-01
C0001,Pro,79,2025-01,active,2024-07-01
C0001,Pro,79,2025-02,active,2024-07-01
C0001,Pro,79,2025-03,active,2024-07-01
C0001,Pro,79,2025-04,active,2024-07-01
C0001,Pro,79,2025-05,active,2024-07-01
C0001,Pro,79,2025-06,active,2024-07-01
C0002,Basic,29,2024-02,active,2024-02-01
C0002,Basic,29,2024-03,active,2024-02-01
C0002,Basic,29,2024-04,active,2024-02-01
C0002,Basic,29,2024-05,active,2024-02-01
C0002,Basic,29,2024-06,active,2024-02-01
C0002,Basic,29,2024-07,active,2024-02-01
C0002,Basic,29,2024-08,active,2024-02-01
C0002,Basic,29,2024-09,active,2024-02-01
C0002,Basic,29,2024-10,active,2024-02-01
C0002,Basic,29,2024-11,active,2024-02-01
C0002,Basic,29,2024-12,active,2024-02-01
C0002,Basic,29,2025-01,active,2024-02-01
C0002,Basic,29,2025-02,active,2024-02-01
C0002,Basic,29,2025-03,active,2024-02-01
C0002,Basic,29,2025-04,active,2024-02-01
C0002,Basic,29,2025-05,active,2024-02-01
C0002,Basic,29,2025-06,active,2024-02-01
C0003,Basic,29,2024-07,active,2024-07-01
C0003,Basic,29,2024-08,active,2024-07-01
C0003,Basic,29,2024-09,active,2024-07-01
C0004,Pro,79,2024-02,active,2024-02-01
C0004,Pro,79,2024-03,active,2024-02-01
C0004,Pro,79,2024-04,active,2024-02-01
C0005,Basic,29,2024-01,active,2024-01-01
C0005,Basic,29,2024-02,active,2024-01-01
C0005,Basic,29,2024-03,active,2024-01-01
C0005,Basic,29,2024-04,active,2024-01-01
C0005,Basic,29,2024-05,active,2024-01-01
C0005,Basic,29,2024-06,active,2024-01-01
C0005,Basic,29,2024-07,active,2024-01-01
C0005,Basic,29,2024-08,active,2024-01-01
C0005,Basic,29,2024-09,active,2024-01-01
C0005,Basic,29,2024-10,active,2024-01-01
C0005,Basic,29,2024-11,active,2024-01-01
C0005,Basic,29,2024-12,active,2024-01-01
C0005,Basic,29,2025-01,active,2024-01-01
C0005,Basic,29,2025-02,active,2024-01-01
C0005,Basic,29,2025-03,active,2024-01-01
C0005,Basic,29,2025-04,active,2024-01-01
C0005,Basic,29,2025-05,active,2024-01-01
C0005,Basic,29,2025-06,active,2024-01-01
C0006,Enterprise,199,2024-10,active,2024-10-01
C0006,Enterprise,199,2024-11,active,2024-10-01
C0006,Enterprise,199,2024-12,active,2024-10-01
C0006,Enterprise,199,2025-01,active,2024-10-01
C0007,Pro,79,2024-09,active,2024-09-01
C0007,Pro,79,2024-10,active,2024-09-01
C0007,Pro,79,2024-11,active,2024-09-01
C0007,Pro,79,2024-12,active,2024-09-01
C0007,Pro,79,2025-01,active,2024-09-01
C0007,Pro,79,2025-02,active,2024-09-01
C0007,Pro,79,2025-03,active,2024-09-01
C0007,Pro,79,2025-04,active,2024-09-01
C0007,Pro,79,2025-05,active,2024-09-01
C0007,Pro,79,2025-06,active,2024-09-01
C0008,Basic,29,2024-08,active,2024-08-01
C0008,Basic,29,2024-09,active,2024-08-01
C0008,Basic,29,2024-10,active,2024-08-01
C0008,Basic,29,2024-11,active,2024-08-01
C0008,Basic,29,2024-12,active,2024-08-01
C0008,Basic,29,2025-01,active,2024-08-01
C0008,Basic,29,2025-02,active,2024-08-01
C0008,Basic,29,2025-03,active,2024-08-01
C0008,Basic,29,2025-04,active,2024-08-01
C0008,Basic,29,2025-05,active,2024-08-01
C0008,Basic,29,2025-06,active,2024-08-01
C0009,Pro,79,2024-07,active,2024-07-01
C0009,Pro,79,2024-08,active,2024-07-01
C0009,Pro,79,2024-09,active,2024-07-01
C0010,Basic,29,2024-03,active,2024-03-01
C0010,Basic,29,2024-04,active,2024-03-01
C0010,Basic,29,2024-05,active,2024-03-01
C0010,Basic,29,2024-06,active,2024-03-01
C0010,Basic,29,2024-07,active,2024-03-01
C0010,Basic,29,2024-08,active,2024-03-01
C0010,Basic,29,2024-09,active,2024-03-01
C0010,Basic,29,2024-10,active,2024-03-01
C0010,Basic,29,2024-11,active,2024-03-01
C0010,Basic,29,2024-12,active,2024-03-01
C0010,Basic,29,2025-01,active,2024-03-01
C0010,Basic,29,2025-02,active,2024-03-01
C0010,Basic,29,2025-03,active,2024-03-01
C0010,Basic,29,2025-04,active,2024-03-01
C0010,Basic,29,2025-05,active,2024-03-01
C0010,Basic,29,2025-06,active,2024-03-01
C0011,Basic,29,2024-12,active,2024-12-01
C0011,Basic,29,2025-01,active,2024-12-01
C0011,Basic,29,2025-02,active,2024-12-01
C0011,Basic,29,2025-03,active,2024-12-01
C0011,Basic,29,2025-04,active,2024-12-01
C0011,Basic,29,2025-05,active,2024-12-01
C0011,Basic,29,2025-06,active,2024-12-01
C0012,Pro,79,2024-09,active,2024-09-01
C0012,Pro,79,2024-10,active,2024-09-01
C0012,Pro,79,2024-11,active,2024-09-01
C0012,Pro,79,2024-12,active,2024-09-01
C0012,Pro,79,2025-01,active,2024-09-01
C0012,Pro,79,2025-02,active,2024-09-01
C0012,Pro,79,2025-03,active,2024-09-01
C0012,Pro,79,2025-04,active,2024-09-01
C0012,Pro,79,2025-05,active,2024-09-01
C0012,Pro,79,2025-06,active,2024-09-01
C0013,Basic,29,2024-09,active,2024-09-01
C0013,Basic,29,2024-10,active,2024-09-01
C0013,Basic,29,2024-11,active,2024-09-01
C0013,Basic,29,2024-12,active,2024-09-01
C0013,Basic,29,2025-01,active,2024-09-01
C0013,Basic,29,2025-02,active,2024-09-01
C0013,Basic,29,2025-03,active,2024-09-01
C0013,Basic,29,2025-04,active,2024-09-01
C0013,Basic,29,2025-05,active,2024-09-01
C0013,Basic,29,2025-06,active,2024-09-01
C0014,Basic,29,2024-07,active,2024-07-01
C0014,Basic,29,2024-08,active,2024-07-01
C0014,Basic,29,2024-09,active,2024-07-01
C0014,Basic,29,2024-10,active,2024-07-01
C0014,Basic,29,2024-11,active,2024-07-01
C0014,Basic,29,2024-12,active,2024-07-01
C0014,Basic,29,2025-01,active,2024-07-01
C0014,Basic,29,2025-02,active,2024-07-01
C0014,Basic,29,2025-03,active,2024-07-01
C0014,Basic,29,2025-04,active,2024-07-01
C0014,Basic,29,2025-05,active,2024-07-01
C0014,Basic,29,2025-06,active,2024-07-01
C0015,Basic,29,2024-06,active,2024-06-01
C0015,Basic,29,2024-07,active,2024-06-01
C0015,Basic,29,2024-08,active,2024-06-01
C0015,Basic,29,2024-09,active,2024-06-01
C0015,Basic,29,2024-10,active,2024-06-01
C0015,Basic,29,2024-11,active,2024-06-01
C0015,Basic,29,2024-12,active,2024-06-01
C0015,Basic,29,2025-01,active,2024-06-01
C0015,Basic,29,2025-02,active,2024-06-01
C0015,Basic,29,2025-03,active,2024-06-01
C0015,Basic,29,2025-04,active,2024-06-01
C0015,Basic,29,2025-05,active,2024-06-01
C0015,Basic,29,2025-06,active,2024-06-01
C0016,Basic,29,2024-08,active,2024-08-01
C0016,Basic,29,2024-09,active,2024-08-01
C0016,Basic,29,2024-10,active,2024-08-01
C0016,Basic,29,2024-11,active,2024-08-01
C0016,Basic,29,2024-12,active,2024-08-01
C0016,Basic,29,2025-01,active,2024-08-01
C0016,Basic,29,2025-02,active,2024-08-01
C0016,Basic,29,2025-03,active,2024-08-01
C0016,Basic,29,2025-04,active,2024-08-01
C0016,Basic,29,2025-05,active,2024-08-01
C0016,Basic,29,2025-06,active,2024-08-01
C0017,Enterprise,199,2024-02,active,2024-02-01
C0017,Enterprise,199,2024-03,active,2024-02-01
C0017,Enterprise,199,2024-04,active,2024-02-01
C0017,Enterprise,199,2024-05,active,2024-02-01
C0017,Enterprise,199,2024-06,active,2024-02-01
C0017,Enterprise,199,2024-07,active,2024-02-01
C0017,Enterprise,199,2024-08,active,2024-02-01
C0017,Enterprise,199,2024-09,active,2024-02-01
C0017,Enterprise,199,2024-10,active,2024-02-01
C0017,Enterprise,199,2024-11,active,2024-02-01
C0017,Enterprise,199,2024-12,active,2024-02-01
C0017,Enterprise,199,2025-01,active,2024-02-01
C0017,Enterprise,199,2025-02,active,2024-02-01
C0017,Enterprise,199,2025-03,active,2024-02-01
C0017,Enterprise,199,2025-04,active,2024-02-01
C0017,Enterprise,199,2025-05,active,2024-02-01
C0017,Enterprise,199,2025-06,active,2024-02-01
C0018,Basic,29,2024-09,active,2024-09-01
C0018,Basic,29,2024-10,active,2024-09-01
C0018,Basic,29,2024-11,active,2024-09-01
C0018,Basic,29,2024-12,active,2024-09-01
C0018,Basic,29,2025-01,active,2024-09-01
C0018,Basic,29,2025-02,active,2024-09-01
C0018,Basic,29,2025-03,active,2024-09-01
C0018,Basic,29,2025-04,active,2024-09-01
C0018,Basic,29,2025-05,active,2024-09-01
C0018,Basic,29,2025-06,active,2024-09-01
C0019,Pro,79,2024-07,active,2024-07-01
C0019,Pro,79,2024-08,active,2024-07-01
C0019,Pro,79,2024-09,active,2024-07-01
C0019,Pro,79,2024-10,active,2024-07-01
C0019,Pro,79,2024-11,active,2024-07-01
C0019,Pro,79,2024-12,active,2024-07-01
C0019,Pro,79,2025-01,active,2024-07-01
C0019,Pro,79,2025-02,active,2024-07-01
C0019,Pro,79,2025-03,active,2024-07-01
C0019,Pro,79,2025-04,active,2024-07-01
C0019,Pro,79,2025-05,active,2024-07-01
C0019,Pro,79,2025-06,active,2024-07-01
C0020,Basic,29,2024-01,active,2024-01-01
C0020,Basic,29,2024-02,active,2024-01-01
C0020,Basic,29,2024-03,active,2024-01-01
C0020,Basic,29,2024-04,active,2024-01-01
C0020,Basic,29,2024-05,active,2024-01-01
C0020,Basic,29,2024-06,active,2024-01-01
C0020,Basic,29,2024-07,active,2024-01-01
C0020,Basic,29,2024-08,active,2024-01-01
C0020,Basic,29,2024-09,active,2024-01-01
C0021,Basic,29,2024-08,active,2024-08-01
C0021,Basic,29,2024-09,active,2024-08-01
C0021,Basic,29,2024-10,active,2024-08-01
C0021,Basic,29,2024-11,active,2024-08-01
C0021,Basic,29,2024-12,active,2024-08-01
C0021,Basic,29,2025-01,active,2024-08-01
C0021,Basic,29,2025-02,active,2024-08-01
C0021,Basic,29,2025-03,active,2024-08-01
C0021,Basic,29,2025-04,active,2024-08-01
C0021,Basic,29,2025-05,active,2024-08-01
C0021,Basic,29,2025-06,active,2024-08-01
C0022,Pro,79,2024-03,active,2024-03-01
C0022,Pro,79,2024-04,active,2024-03-01
C0022,Pro,79,2024-05,active,2024-03-01
C0022,Pro,79,2024-06,active,2024-03-01
C0022,Pro,79,2024-07,active,2024-03-01
C0022,Pro,79,2024-08,active,2024-03-01
C0022,Pro,79,2024-09,active,2024-03-01
C0022,Pro,79,2024-10,active,2024-03-01
C0022,Pro,79,2024-11,active,2024-03-01
C0022,Pro,79,2024-12,active,2024-03-01
C0022,Pro,79,2025-01,active,2024-03-01
C0022,Pro,79,2025-02,active,2024-03-01
C0022,Pro,79,2025-03,active,2024-03-01
C0022,Pro,79,2025-04,active,2024-03-01
C0022,Pro,79,2025-05,active,2024-03-01
C0022,Pro,79,2025-06,active,2024-03-01
C0023,Pro,79,2024-09,active,2024-09-01
C0023,Pro,79,2024-10,active,2024-09-01
C0023,Pro,79,2024-11,active,2024-09-01
C0023,Pro,79,2024-12,active,2024-09-01
C0023,Pro,79,2025-01,active,2024-09-01
C0024,Basic,29,2024-02,active,2024-02-01
C0024,Basic,29,2024-03,active,2024-02-01
C0024,Basic,29,2024-04,active,2024-02-01
C0024,Basic,29,2024-05,active,2024-02-01
C0024,Basic,29,2024-06,active,2024-02-01
C0024,Basic,29,2024-07,active,2024-02-01
C0025,Basic,29,2024-04,active,2024-04-01
C0025,Basic,29,2024-05,active,2024-04-01
C0025,Basic,29,2024-06,active,2024-04-01
C0025,Basic,29,2024-07,active,2024-04-01
C0025,Basic,29,2024-08,active,2024-04-01
C0025,Basic,29,2024-09,active,2024-04-01
C0025,Basic,29,2024-10,active,2024-04-01
C0025,Basic,29,2024-11,active,2024-04-01
C0025,Basic,29,2024-12,active,2024-04-01
C0025,Basic,29,2025-01,active,2024-04-01
C0025,Basic,29,2025-02,active,2024-04-01
C0025,Basic,29,2025-03,active,2024-04-01
C0025,Basic,29,2025-04,active,2024-04-01
C0025,Basic,29,2025-05,active,2024-04-01
C0025,Basic,29,2025-06,active,2024-04-01
C0026,Pro,79,2024-03,active,2024-03-01
C0026,Pro,79,2024-04,active,2024-03-01
C0026,Pro,79,2024-05,active,2024-03-01
C0027,Basic,29,2024-05,active,2024-05-01
C0027,Basic,29,2024-06,active,2024-05-01
C0027,Basic,29,2024-07,active,2024-05-01
C0027,Basic,29,2024-08,active,2024-05-01
C0027,Basic,29,2024-09,active,2024-05-01
C0027,Basic,29,2024-10,active,2024-05-01
C0027,Basic,29,2024-11,active,2024-05-01
C0027,Basic,29,2024-12,active,2024-05-01
C0027,Basic,29,2025-01,active,2024-05-01
C0027,Basic,29,2025-02,active,2024-05-01
C0027,Basic,29,2025-03,active,2024-05-01
C0027,Basic,29,2025-04,active,2024-05-01
C0027,Basic,29,2025-05,active,2024-05-01
C0027,Basic,29,2025-06,active,2024-05-01
C0028,Basic,29,2024-03,active,2024-03-01
C0028,Basic,29,2024-04,active,2024-03-01
C0029,Basic,29,2024-12,active,2024-12-01
C0029,Basic,29,2025-01,active,2024-12-01
C0029,Basic,29,2025-02,active,2024-12-01
C0029,Basic,29,2025-03,active,2024-12-01
C0029,Basic,29,2025-04,active,2024-12-01
C0029,Basic,29,2025-05,active,2024-12-01
C0029,Basic,29,2025-06,active,2024-12-01
C0030,Basic,29,2024-01,active,2024-01-01
C0030,Basic,29,2024-02,active,2024-01-01
C0030,Basic,29,2024-03,active,2024-01-01
C0030,Basic,29,2024-04,active,2024-01-01
C0030,Basic,29,2024-05,active,2024-01-01
C0031,Pro,79,2024-03,active,2024-03-01
C0031,Pro,79,2024-04,active,2024-03-01
C0031,Pro,79,2024-05,active,2024-03-01
C0031,Pro,79,2024-06,active,2024-03-01
C0031,Pro,79,2024-07,active,2024-03-01
C0032,Pro,79,2024-11,active,2024-11-01
C0032,Pro,79,2024-12,active,2024-11-01
C0032,Pro,79,2025-01,active,2024-11-01
C0032,Pro,79,2025-02,active,2024-11-01
C0032,Pro,79,2025-03,active,2024-11-01
C0032,Pro,79,2025-04,active,2024-11-01
C0032,Pro,79,2025-05,active,2024-11-01
C0032,Pro,79,2025-06,active,2024-11-01
C0033,Basic,29,2024-11,active,2024-11-01
C0033,Basic,29,2024-12,active,2024-11-01
C0034,Pro,79,2024-03,active,2024-03-01
C0034,Pro,79,2024-04,active,2024-03-01
C0034,Pro,79,2024-05,active,2024-03-01
C0034,Pro,79,2024-06,active,2024-03-01
C0034,Pro,79,2024-07,active,2024-03-01
C0034,Pro,79,2024-08,active,2024-03-01
C0034,Pro,79,2024-09,active,2024-03-01
C0034,Pro,79,2024-10,active,2024-03-01
C0034,Pro,79,2024-11,active,2024-03-01
C0034,Pro,79,2024-12,active,2024-03-01
C0035,Pro,79,2024-09,active,2024-09-01
C0035,Pro,79,2024-10,active,2024-09-01
C0035,Pro,79,2024-11,active,2024-09-01
C0035,Pro,79,2024-12,active,2024-09-01
C0035,Pro,79,2025-01,active,2024-09-01
C0035,Pro,79,2025-02,active,2024-09-01
C0035,Pro,79,2025-03,active,2024-09-01
C0035,Pro,79,2025-04,active,2024-09-01
C0035,Pro,79,2025-05,active,2024-09-01
C0035,Pro,79,2025-06,active,2024-09-01
C0036,Basic,29,2024-05,active,2024-05-01
C0036,Basic,29,2024-06,active,2024-05-01
C0036,Basic,29,2024-07,active,2024-05-01
C0036,Basic,29,2024-08,active,2024-05-01
C0036,Basic,29,2024-09,active,2024-05-01
C0036,Basic,29,2024-10,active,2024-05-01
C0036,Basic,29,2024-11,active,2024-05-01
C0036,Basic,29,2024-12,active,2024-05-01
C0036,Basic,29,2025-01,active,2024-05-01
C0036,Basic,29,2025-02,active,2024-05-01
C0036,Basic,29,2025-03,active,2024-05-01
C0036,Basic,29,2025-04,active,2024-05-01
C0036,Basic,29,2025-05,active,2024-05-01
C0036,Basic,29,2025-06,active,2024-05-01
C0037,Pro,79,2024-04,active,2024-04-01
C0037,Pro,79,2024-05,active,2024-04-01
C0037,Pro,79,2024-06,active,2024-04-01
C0037,Pro,79,2024-07,active,2024-04-01
C0037,Pro,79,2024-08,active,2024-04-01
C0037,Pro,79,2024-09,active,2024-04-01
C0037,Pro,79,2024-10,active,2024-04-01
C0037,Pro,79,2024-11,active,2024-04-01
C0037,Pro,79,2024-12,active,2024-04-01
C0037,Pro,79,2025-01,active,2024-04-01
C0037,Pro,79,2025-02,active,2024-04-01
C0037,Pro,79,2025-03,active,2024-04-01
C0037,Pro,79,2025-04,active,2024-04-01
C0037,Pro,79,2025-05,active,2024-04-01
C0037,Pro,79,2025-06,active,2024-04-01
C0038,Enterprise,199,2024-02,active,2024-02-01
C0038,Enterprise,199,2024-03,active,2024-02-01
C0038,Enterprise,199,2024-04,active,2024-02-01
C0038,Enterprise,199,2024-05,active,2024-02-01
C0038,Enterprise,199,2024-06,active,2024-02-01
C0038,Enterprise,199,2024-07,active,2024-02-01
C0038,Enterprise,199,2024-08,active,2024-02-01
C0038,Enterprise,199,2024-09,active,2024-02-01
C0038,Enterprise,199,2024-10,active,2024-02-01
C0038,Enterprise,199,2024-11,active,2024-02-01
C0038,Enterprise,199,2024-12,active,2024-02-01
C0038,Enterprise,199,2025-01,active,2024-02-01
C0038,Enterprise,199,2025-02,active,2024-02-01
C0038,Enterprise,199,2025-03,active,2024-02-01
C0038,Enterprise,199,2025-04,active,2024-02-01
C0038,Enterprise,199,2025-05,active,2024-02-01
C0038,Enterprise,199,2025-06,active,2024-02-01
C0039,Basic,29,2024-04,active,2024-04-01
C0039,Basic,29,2024-05,active,2024-04-01
C0039,Basic,29,2024-06,active,2024-04-01
C0039,Basic,29,2024-07,active,2024-04-01
C0039,Basic,29,2024-08,active,2024-04-01
C0039,Basic,29,2024-09,active,2024-04-01
C0039,Basic,29,2024-10,active,2024-04-01
C0040,Pro,79,2024-12,active,2024-12-01
C0040,Pro,79,2025-01,active,2024-12-01
C0040,Pro,79,2025-02,active,2024-12-01
C0040,Pro,79,2025-03,active,2024-12-01
C0040,Pro,79,2025-04,active,2024-12-01
C0040,Pro,79,2025-05,active,2024-12-01
C0040,Pro,79,2025-06,active,2024-12-01
C0041,Basic,29,2024-12,active,2024-12-01
C0041,Basic,29,2025-01,active,2024-12-01
C0041,Basic,29,2025-02,active,2024-12-01
C0042,Basic,29,2024-05,active,2024-05-01
C0042,Basic,29,2024-06,active,2024-05-01
C0042,Basic,29,2024-07,active,2024-05-01
C0042,Basic,29,2024-08,active,2024-05-01
C0042,Basic,29,2024-09,active,2024-05-01
C0042,Basic,29,2024-10,active,2024-05-01
C0042,Basic,29,2024-11,active,2024-05-01
C0042,Basic,29,2024-12,active,2024-05-01
C0042,Basic,29,2025-01,active,2024-05-01
C0042,Basic,29,2025-02,active,2024-05-01
C0042,Basic,29,2025-03,active,2024-05-01
C0042,Basic,29,2025-04,active,2024-05-01
C0042,Basic,29,2025-05,active,2024-05-01
C0042,Basic,29,2025-06,active,2024-05-01
C0043,Basic,29,2024-08,active,2024-08-01
C0043,Basic,29,2024-09,active,2024-08-01
C0043,Basic,29,2024-10,active,2024-08-01
C0043,Basic,29,2024-11,active,2024-08-01
C0043,Basic,29,2024-12,active,2024-08-01
C0043,Basic,29,2025-01,active,2024-08-01
C0043,Basic,29,2025-02,active,2024-08-01
C0043,Basic,29,2025-03,active,2024-08-01
C0043,Basic,29,2025-04,active,2024-08-01
C0043,Basic,29,2025-05,active,2024-08-01
C0044,Basic,29,2024-09,active,2024-09-01
C0044,Basic,29,2024-10,active,2024-09-01
C0044,Basic,29,2024-11,active,2024-09-01
C0044,Basic,29,2024-12,active,2024-09-01
C0044,Basic,29,2025-01,active,2024-09-01
C0044,Basic,29,2025-02,active,2024-09-01
C0044,Basic,29,2025-03,active,2024-09-01
C0044,Basic,29,2025-04,active,2024-09-01
C0044,Basic,29,2025-05,active,2024-09-01
C0044,Basic,29,2025-06,active,2024-09-01
C0045,Pro,79,2024-02,active,2024-02-01
C0045,Pro,79,2024-03,active,2024-02-01
C0045,Pro,79,2024-04,active,2024-02-01
C0045,Pro,79,2024-05,active,2024-02-01
C0045,Pro,79,2024-06,active,2024-02-01
C0045,Pro,79,2024-07,active,2024-02-01
C0045,Pro,79,2024-08,active,2024-02-01
C0045,Pro,79,2024-09,active,2024-02-01
C0045,Pro,79,2024-10,active,2024-02-01
C0045,Pro,79,2024-11,active,2024-02-01
C0045,Pro,79,2024-12,active,2024-02-01
C0046,Basic,29,2024-01,active,2024-01-01
C0046,Basic,29,2024-02,active,2024-01-01
C0046,Basic,29,2024-03,active,2024-01-01
C0046,Basic,29,2024-04,active,2024-01-01
C0046,Basic,29,2024-05,active,2024-01-01
C0046,Basic,29,2024-06,active,2024-01-01
C0046,Basic,29,2024-07,active,2024-01-01
C0046,Basic,29,2024-08,active,2024-01-01
C0046,Basic,29,2024-09,active,2024-01-01
C0046,Basic,29,2024-10,active,2024-01-01
C0046,Basic,29,2024-11,active,2024-01-01
C0046,Basic,29,2024-12,active,2024-01-01
C0046,Basic,29,2025-01,active,2024-01-01
C0046,Basic,29,2025-02,active,2024-01-01
C0046,Basic,29,2025-03,active,2024-01-01
C0046,Basic,29,2025-04,active,2024-01-01
C0046,Basic,29,2025-05,active,2024-01-01
C0046,Basic,29,2025-06,active,2024-01-01
C0047,Pro,79,2024-07,active,2024-07-01
C0047,Pro,79,2024-08,active,2024-07-01
C0047,Pro,79,2024-09,active,2024-07-01
C0047,Pro,79,2024-10,active,2024-07-01
C0047,Pro,79,2024-11,active,2024-07-01
C0047,Pro,79,2024-12,active,2024-07-01
C0047,Pro,79,2025-01,active,2024-07-01
C0047,Pro,79,2025-02,active,2024-07-01
C0047,Pro,79,2025-03,active,2024-07-01
C0048,Pro,79,2024-05,active,2024-05-01
C0048,Pro,79,2024-06,active,2024-05-01
C0048,Pro,79,2024-07,active,2024-05-01
C0049,Pro,79,2024-06,active,2024-06-01
C0049,Pro,79,2024-07,active,2024-06-01
C0049,Pro,79,2024-08,active,2024-06-01
C0049,Pro,79,2024-09,active,2024-06-01
C0049,Pro,79,2024-10,active,2024-06-01
C0049,Pro,79,2024-11,active,2024-06-01
C0049,Pro,79,2024-12,active,2024-06-01
C0049,Pro,79,2025-01,active,2024-06-01
C0049,Pro,79,2025-02,active,2024-06-01
C0049,Pro,79,2025-03,active,2024-06-01
C0049,Pro,79,2025-04,active,2024-06-01
C0049,Pro,79,2025-05,active,2024-06-01
C0049,Pro,79,2025-06,active,2024-06-01
C0050,Basic,29,2024-01,active,2024-01-01
C0050,Basic,29,2024-02,active,2024-01-01
C0050,Basic,29,2024-03,active,2024-01-01
C0050,Basic,29,2024-04,active,2024-01-01
C0050,Basic,29,2024-05,active,2024-01-01
C0050,Basic,29,2024-06,active,2024-01-01
C0050,Basic,29,2024-07,active,2024-01-01
C0050,Basic,29,2024-08,active,2024-01-01
C0050,Basic,29,2024-09,active,2024-01-01
C0050,Basic,29,2024-10,active,2024-01-01
C0050,Basic,29,2024-11,active,2024-01-01
C0050,Basic,29,2024-12,active,2024-01-01
C0050,Basic,29,2025-01,active,2024-01-01
C0050,Basic,29,2025-02,active,2024-01-01
C0050,Basic,29,2025-03,active,2024-01-01
C0050,Basic,29,2025-04,active,2024-01-01
C0050,Basic,29,2025-05,active,2024-01-01
C0050,Basic,29,2025-06,active,2024-01-01
C0051,Basic,29,2024-10,active,2024-10-01
C0051,Basic,29,2024-11,active,2024-10-01
C0051,Basic,29,2024-12,active,2024-10-01
C0052,Basic,29,2024-06,active,2024-06-01
C0052,Basic,29,2024-07,active,2024-06-01
C0052,Basic,29,2024-08,active,2024-06-01
C0052,Basic,29,2024-09,active,2024-06-01
C0052,Basic,29,2024-10,active,2024-06-01
C0053,Basic,29,2024-09,active,2024-09-01
C0053,Basic,29,2024-10,active,2024-09-01
C0053,Basic,29,2024-11,active,2024-09-01
C0053,Basic,29,2024-12,active,2024-09-01
C0054,Pro,79,2024-04,active,2024-04-01
C0054,Pro,79,2024-05,active,2024-04-01
C0054,Pro,79,2024-06,active,2024-04-01
C0054,Pro,79,2024-07,active,2024-04-01
C0054,Pro,79,2024-08,active,2024-04-01
C0054,Pro,79,2024-09,active,2024-04-01
C0054,Pro,79,2024-10,active,2024-04-01
C0054,Pro,79,2024-11,active,2024-04-01
C0054,Pro,79,2024-12,active,2024-04-01
C0055,Basic,29,2024-08,active,2024-08-01
C0055,Basic,29,2024-09,active,2024-08-01
C0055,Basic,29,2024-10,active,2024-08-01
C0056,Basic,29,2024-02,active,2024-02-01
C0056,Basic,29,2024-03,active,2024-02-01
C0056,Basic,29,2024-04,active,2024-02-01
C0056,Basic,29,2024-05,active,2024-02-01
C0057,Pro,79,2024-09,active,2024-09-01
C0057,Pro,79,2024-10,active,2024-09-01
C0057,Pro,79,2024-11,active,2024-09-01
C0057,Pro,79,2024-12,active,2024-09-01
C0057,Pro,79,2025-01,active,2024-09-01
C0057,Pro,79,2025-02,active,2024-09-01
C0057,Pro,79,2025-03,active,2024-09-01
C0057,Pro,79,2025-04,active,2024-09-01
C0057,Pro,79,2025-05,active,2024-09-01
C0057,Pro,79,2025-06,active,2024-09-01
C0058,Pro,79,2024-08,active,2024-08-01
C0058,Pro,79,2024-09,active,2024-08-01
C0058,Pro,79,2024-10,active,2024-08-01
C0058,Pro,79,2024-11,active,2024-08-01
C0058,Pro,79,2024-12,active,2024-08-01
C0058,Pro,79,2025-01,active,2024-08-01
C0058,Pro,79,2025-02,active,2024-08-01
C0058,Pro,79,2025-03,active,2024-08-01
C0058,Pro,79,2025-04,active,2024-08-01
C0059,Basic,29,2024-05,active,2024-05-01
C0059,Basic,29,2024-06,active,2024-05-01
C0059,Basic,29,2024-07,active,2024-05-01
C0059,Basic,29,2024-08,active,2024-05-01
C0059,Basic,29,2024-09,active,2024-05-01
C0059,Basic,29,2024-10,active,2024-05-01
C0059,Basic,29,2024-11,active,2024-05-01
C0059,Basic,29,2024-12,active,2024-05-01
C0059,Basic,29,2025-01,active,2024-05-01
C0059,Basic,29,2025-02,active,2024-05-01
C0059,Basic,29,2025-03,active,2024-05-01
C0059,Basic,29,2025-04,active,2024-05-01
C0059,Basic,29,2025-05,active,2024-05-01
C0059,Basic,29,2025-06,active,2024-05-01
C0060,Enterprise,199,2024-06,active,2024-06-01
C0060,Enterprise,199,2024-07,active,2024-06-01
C0060,Enterprise,199,2024-08,active,2024-06-01
C0060,Enterprise,199,2024-09,active,2024-06-01
C0060,Enterprise,199,2024-10,active,2024-06-01
C0060,Enterprise,199,2024-11,active,2024-06-01
C0060,Enterprise,199,2024-12,active,2024-06-01
C0060,Enterprise,199,2025-01,active,2024-06-01
C0060,Enterprise,199,2025-02,active,2024-06-01
C0060,Enterprise,199,2025-03,active,2024-06-01
C0060,Enterprise,199,2025-04,active,2024-06-01
C0060,Enterprise,199,2025-05,active,2024-06-01
C0060,Enterprise,199,2025-06,active,2024-06-01
C0061,Pro,79,2024-01,active,2024-01-01
C0061,Pro,79,2024-02,active,2024-01-01
C0061,Pro,79,2024-03,active,2024-01-01
C0061,Pro,79,2024-04,active,2024-01-01
C0061,Pro,79,2024-05,active,2024-01-01
C0061,Pro,79,2024-06,active,2024-01-01
C0061,Pro,79,2024-07,active,2024-01-01
C0061,Pro,79,2024-08,active,2024-01-01
C0061,Pro,79,2024-09,active,2024-01-01
C0061,Pro,79,2024-10,active,2024-01-01
C0061,Pro,79,2024-11,active,2024-01-01
C0061,Pro,79,2024-12,active,2024-01-01
C0061,Pro,79,2025-01,active,2024-01-01
C0061,Pro,79,2025-02,active,2024-01-01
C0061,Pro,79,2025-03,active,2024-01-01
C0061,Pro,79,2025-04,active,2024-01-01
C0061,Pro,79,2025-05,active,2024-01-01
C0061,Pro,79,2025-06,active,2024-01-01
C0062,Enterprise,199,2024-01,active,2024-01-01
C0062,Enterprise,199,2024-02,active,2024-01-01
C0062,Enterprise,199,2024-03,active,2024-01-01
C0062,Enterprise,199,2024-04,active,2024-01-01
C0062,Enterprise,199,2024-05,active,2024-01-01
C0062,Enterprise,199,2024-06,active,2024-01-01
C0062,Enterprise,199,2024-07,active,2024-01-01
C0062,Enterprise,199,2024-08,active,2024-01-01
C0062,Enterprise,199,2024-09,active,2024-01-01
C0062,Enterprise,199,2024-10,active,2024-01-01
C0062,Enterprise,199,2024-11,active,2024-01-01
C0062,Enterprise,199,2024-12,active,2024-01-01
C0062,Enterprise,199,2025-01,active,2024-01-01
C0062,Enterprise,199,2025-02,active,2024-01-01
C0062,Enterprise,199,2025-03,active,2024-01-01
C0062,Enterprise,199,2025-04,active,2024-01-01
C0062,Enterprise,199,2025-05,active,2024-01-01
C0062,Enterprise,199,2025-06,active,2024-01-01
C0063,Enterprise,199,2024-09,active,2024-09-01
C0063,Enterprise,199,2024-10,active,2024-09-01
C0063,Enterprise,199,2024-11,active,2024-09-01
C0063,Enterprise,199,2024-12,active,2024-09-01
C0063,Enterprise,199,2025-01,active,2024-09-01
C0063,Enterprise,199,2025-02,active,2024-09-01
C0063,Enterprise,199,2025-03,active,2024-09-01
C0063,Enterprise,199,2025-04,active,2024-09-01
C0063,Enterprise,199,2025-05,active,2024-09-01
C0063,Enterprise,199,2025-06,active,2024-09-01
C0064,Pro,79,2024-07,active,2024-07-01
C0064,Pro,79,2024-08,active,2024-07-01
C0064,Pro,79,2024-09,active,2024-07-01
C0064,Pro,79,2024-10,active,2024-07-01
C0064,Pro,79,2024-11,active,2024-07-01
C0064,Pro,79,2024-12,active,2024-07-01
C0064,Pro,79,2025-01,active,2024-07-01
C0064,Pro,79,2025-02,active,2024-07-01
C0064,Pro,79,2025-03,active,2024-07-01
C0064,Pro,79,2025-04,active,2024-07-01
C0064,Pro,79,2025-05,active,2024-07-01
C0064,Pro,79,2025-06,active,2024-07-01
C0065,Pro,79,2024-06,active,2024-06-01
C0065,Pro,79,2024-07,active,2024-06-01
C0065,Pro,79,2024-08,active,2024-06-01
C0065,Pro,79,2024-09,active,2024-06-01
C0065,Pro,79,2024-10,active,2024-06-01
C0065,Pro,79,2024-11,active,2024-06-01
C0065,Pro,79,2024-12,active,2024-06-01
C0065,Pro,79,2025-01,active,2024-06-01
C0065,Pro,79,2025-02,active,2024-06-01
C0065,Pro,79,2025-03,active,2024-06-01
C0065,Pro,79,2025-04,active,2024-06-01
C0065,Pro,79,2025-05,active,2024-06-01
C0065,Pro,79,2025-06,active,2024-06-01
C0066,Basic,29,2024-08,active,2024-08-01
C0066,Basic,29,2024-09,active,2024-08-01
C0066,Basic,29,2024-10,active,2024-08-01
C0066,Basic,29,2024-11,active,2024-08-01
C0066,Basic,29,2024-12,active,2024-08-01
C0066,Basic,29,2025-01,active,2024-08-01
C0066,Basic,29,2025-02,active,2024-08-01
C0066,Basic,29,2025-03,active,2024-08-01
C0066,Basic,29,2025-04,active,2024-08-01
C0066,Basic,29,2025-05,active,2024-08-01
C0066,Basic,29,2025-06,active,2024-08-01
C0067,Basic,29,2024-08,active,2024-08-01
C0067,Basic,29,2024-09,active,2024-08-01
C0067,Basic,29,2024-10,active,2024-08-01
C0067,Basic,29,2024-11,active,2024-08-01
C0067,Basic,29,2024-12,active,2024-08-01
C0067,Basic,29,2025-01,active,2024-08-01
C0067,Basic,29,2025-02,active,2024-08-01
C0067,Basic,29,2025-03,active,2024-08-01
C0067,Basic,29,2025-04,active,2024-08-01
C0067,Basic,29,2025-05,active,2024-08-01
C0067,Basic,29,2025-06,active,2024-08-01
C0068,Pro,79,2024-05,active,2024-05-01
C0068,Pro,79,2024-06,active,2024-05-01
C0068,Pro,79,2024-07,active,2024-05-01
C0068,Pro,79,2024-08,active,2024-05-01
C0068,Pro,79,2024-09,active,2024-05-01
C0068,Pro,79,2024-10,active,2024-05-01
C0068,Pro,79,2024-11,active,2024-05-01
C0068,Pro,79,2024-12,active,2024-05-01
C0068,Pro,79,2025-01,active,2024-05-01
C0068,Pro,79,2025-02,active,2024-05-01
C0068,Pro,79,2025-03,active,2024-05-01
C0068,Pro,79,2025-04,active,2024-05-01
C0068,Pro,79,2025-05,active,2024-05-01
C0068,Pro,79,2025-06,active,2024-05-01
C0069,Basic,29,2024-07,active,2024-07-01
C0069,Basic,29,2024-08,active,2024-07-01
C0069,Basic,29,2024-09,active,2024-07-01
C0069,Basic,29,2024-10,active,2024-07-01
C0069,Basic,29,2024-11,active,2024-07-01
C0069,Basic,29,2024-12,active,2024-07-01
C0069,Basic,29,2025-01,active,2024-07-01
C0069,Basic,29,2025-02,active,2024-07-01
C0069,Basic,29,2025-03,active,2024-07-01
C0069,Basic,29,2025-04,active,2024-07-01
C0069,Basic,29,2025-05,active,2024-07-01
C0069,Basic,29,2025-06,active,2024-07-01
C0070,Basic,29,2024-11,active,2024-11-01
C0070,Basic,29,2024-12,active,2024-11-01
C0070,Basic,29,2025-01,active,2024-11-01
C0070,Basic,29,2025-02,active,2024-11-01
C0070,Basic,29,2025-03,active,2024-11-01
C0070,Basic,29,2025-04,active,2024-11-01
C0070,Basic,29,2025-05,active,2024-11-01
C0070,Basic,29,2025-06,active,2024-11-01
C0071,Pro,79,2024-11,active,2024-11-01
C0071,Pro,79,2024-12,active,2024-11-01
C0071,Pro,79,2025-01,active,2024-11-01
C0071,Pro,79,2025-02,active,2024-11-01
C0071,Pro,79,2025-03,active,2024-11-01
C0071,Pro,79,2025-04,active,2024-11-01
C0071,Pro,79,2025-05,active,2024-11-01
C0071,Pro,79,2025-06,active,2024-11-01
C0072,Basic,29,2024-01,active,2024-01-01
C0072,Basic,29,2024-02,active,2024-01-01
C0072,Basic,29,2024-03,active,2024-01-01
C0072,Basic,29,2024-04,active,2024-01-01
C0072,Basic,29,2024-05,active,2024-01-01
C0072,Basic,29,2024-06,active,2024-01-01
C0072,Basic,29,2024-07,active,2024-01-01
C0072,Basic,29,2024-08,active,2024-01-01
C0072,Basic,29,2024-09,active,2024-01-01
C0072,Basic,29,2024-10,active,2024-01-01
C0072,Basic,29,2024-11,active,2024-01-01
C0072,Basic,29,2024-12,active,2024-01-01
C0072,Basic,29,2025-01,active,2024-01-01
C0072,Basic,29,2025-02,active,2024-01-01
C0072,Basic,29,2025-03,active,2024-01-01
C0072,Basic,29,2025-04,active,2024-01-01
C0072,Basic,29,2025-05,active,2024-01-01
C0072,Basic,29,2025-06,active,2024-01-01
C0073,Enterprise,199,2024-08,active,2024-08-01
C0073,Enterprise,199,2024-09,active,2024-08-01
C0073,Enterprise,199,2024-10,active,2024-08-01
C0073,Enterprise,199,2024-11,active,2024-08-01
C0073,Enterprise,199,2024-12,active,2024-08-01
C0074,Pro,79,2024-12,active,2024-12-01
C0074,Pro,79,2025-01,active,2024-12-01
C0074,Pro,79,2025-02,active,2024-12-01
C0074,Pro,79,2025-03,active,2024-12-01
C0074,Pro,79,2025-04,active,2024-12-01
C0074,Pro,79,2025-05,active,2024-12-01
C0074,Pro,79,2025-06,active,2024-12-01
C0075,Pro,79,2024-09,active,2024-09-01
C0075,Pro,79,2024-10,active,2024-09-01
C0075,Pro,79,2024-11,active,2024-09-01
C0075,Pro,79,2024-12,active,2024-09-01
C0075,Pro,79,2025-01,active,2024-09-01
C0075,Pro,79,2025-02,active,2024-09-01
C0075,Pro,79,2025-03,active,2024-09-01
C0075,Pro,79,2025-04,active,2024-09-01
C0075,Pro,79,2025-05,active,2024-09-01
C0075,Pro,79,2025-06,active,2024-09-01
C0076,Basic,29,2024-05,active,2024-05-01
C0076,Basic,29,2024-06,active,2024-05-01
C0076,Basic,29,2024-07,active,2024-05-01
C0076,Basic,29,2024-08,active,2024-05-01
C0076,Basic,29,2024-09,active,2024-05-01
C0076,Basic,29,2024-10,active,2024-05-01
C0076,Basic,29,2024-11,active,2024-05-01
C0076,Basic,29,2024-12,active,2024-05-01
C0076,Basic,29,2025-01,active,2024-05-01
C0076,Basic,29,2025-02,active,2024-05-01
C0076,Basic,29,2025-03,active,2024-05-01
C0076,Basic,29,2025-04,active,2024-05-01
C0076,Basic,29,2025-05,active,2024-05-01
C0076,Basic,29,2025-06,active,2024-05-01
C0077,Basic,29,2024-07,active,2024-07-01
C0077,Basic,29,2024-08,active,2024-07-01
C0077,Basic,29,2024-09,active,2024-07-01
C0077,Basic,29,2024-10,active,2024-07-01
C0077,Basic,29,2024-11,active,2024-07-01
C0077,Basic,29,2024-12,active,2024-07-01
C0077,Basic,29,2025-01,active,2024-07-01
C0077,Basic,29,2025-02,active,2024-07-01
C0077,Basic,29,2025-03,active,2024-07-01
C0077,Basic,29,2025-04,active,2024-07-01
C0077,Basic,29,2025-05,active,2024-07-01
C0077,Basic,29,2025-06,active,2024-07-01
C0078,Basic,29,2024-01,active,2024-01-01
C0078,Basic,29,2024-02,active,2024-01-01
C0078,Basic,29,2024-03,active,2024-01-01
C0078,Basic,29,2024-04,active,2024-01-01
C0078,Basic,29,2024-05,active,2024-01-01
C0078,Basic,29,2024-06,active,2024-01-01
C0078,Basic,29,2024-07,active,2024-01-01
C0078,Basic,29,2024-08,active,2024-01-01
C0078,Basic,29,2024-09,active,2024-01-01
C0078,Basic,29,2024-10,active,2024-01-01
C0078,Basic,29,2024-11,active,2024-01-01
C0078,Basic,29,2024-12,active,2024-01-01
C0078,Basic,29,2025-01,active,2024-01-01
C0078,Basic,29,2025-02,active,2024-01-01
C0078,Basic,29,2025-03,active,2024-01-01
C0078,Basic,29,2025-04,active,2024-01-01
C0078,Basic,29,2025-05,active,2024-01-01
C0078,Basic,29,2025-06,active,2024-01-01
C0079,Basic,29,2024-12,active,2024-12-01
C0079,Basic,29,2025-01,active,2024-12-01
C0079,Basic,29,2025-02,active,2024-12-01
C0079,Basic,29,2025-03,active,2024-12-01
C0079,Basic,29,2025-04,active,2024-12-01
C0079,Basic,29,2025-05,active,2024-12-01
C0079,Basic,29,2025-06,active,2024-12-01
C0080,Pro,79,2024-07,active,2024-07-01
C0080,Pro,79,2024-08,active,2024-07-01
C0080,Pro,79,2024-09,active,2024-07-01
C0080,Pro,79,2024-10,active,2024-07-01
C0080,Pro,79,2024-11,active,2024-07-01
C0080,Pro,79,2024-12,active,2024-07-01
C0080,Pro,79,2025-01,active,2024-07-01
C0080,Pro,79,2025-02,active,2024-07-01
C0080,Pro,79,2025-03,active,2024-07-01
C0080,Pro,79,2025-04,active,2024-07-01
C0080,Pro,79,2025-05,active,2024-07-01
C0080,Pro,79,2025-06,active,2024-07-01
C0081,Pro,79,2024-04,active,2024-04-01
C0081,Pro,79,2024-05,active,2024-04-01
C0081,Pro,79,2024-06,active,2024-04-01
C0081,Pro,79,2024-07,active,2024-04-01
C0081,Pro,79,2024-08,active,2024-04-01
C0081,Pro,79,2024-09,active,2024-04-01
C0081,Pro,79,2024-10,active,2024-04-01
C0082,Basic,29,2024-04,active,2024-04-01
C0082,Basic,29,2024-05,active,2024-04-01
C0082,Basic,29,2024-06,active,2024-04-01
C0082,Basic,29,2024-07,active,2024-04-01
C0082,Basic,29,2024-08,active,2024-04-01
C0082,Basic,29,2024-09,active,2024-04-01
C0082,Basic,29,2024-10,active,2024-04-01
C0082,Basic,29,2024-11,active,2024-04-01
C0082,Basic,29,2024-12,active,2024-04-01
C0082,Basic,29,2025-01,active,2024-04-01
C0082,Basic,29,2025-02,active,2024-04-01
C0082,Basic,29,2025-03,active,2024-04-01
C0082,Basic,29,2025-04,active,2024-04-01
C0082,Basic,29,2025-05,active,2024-04-01
C0083,Basic,29,2024-03,active,2024-03-01
C0083,Basic,29,2024-04,active,2024-03-01
C0083,Basic,29,2024-05,active,2024-03-01
C0083,Basic,29,2024-06,active,2024-03-01
C0083,Basic,29,2024-07,active,2024-03-01
C0083,Basic,29,2024-08,active,2024-03-01
C0083,Basic,29,2024-09,active,2024-03-01
C0083,Basic,29,2024-10,active,2024-03-01
C0083,Basic,29,2024-11,active,2024-03-01
C0083,Basic,29,2024-12,active,2024-03-01
C0083,Basic,29,2025-01,active,2024-03-01
C0083,Basic,29,2025-02,active,2024-03-01
C0083,Basic,29,2025-03,active,2024-03-01
C0083,Basic,29,2025-04,active,2024-03-01
C0083,Basic,29,2025-05,active,2024-03-01
C0083,Basic,29,2025-06,active,2024-03-01
C0084,Pro,79,2024-09,active,2024-09-01
C0084,Pro,79,2024-10,active,2024-09-01
C0084,Pro,79,2024-11,active,2024-09-01
C0084,Pro,79,2024-12,active,2024-09-01
C0084,Pro,79,2025-01,active,2024-09-01
C0084,Pro,79,2025-02,active,2024-09-01
C0084,Pro,79,2025-03,active,2024-09-01
C0084,Pro,79,2025-04,active,2024-09-01
C0084,Pro,79,2025-05,active,2024-09-01
C0084,Pro,79,2025-06,active,2024-09-01
C0085,Basic,29,2024-07,active,2024-07-01
C0085,Basic,29,2024-08,active,2024-07-01
C0085,Basic,29,2024-09,active,2024-07-01
C0085,Basic,29,2024-10,active,2024-07-01
C0085,Basic,29,2024-11,active,2024-07-01
C0085,Basic,29,2024-12,active,2024-07-01
C0085,Basic,29,2025-01,active,2024-07-01
C0085,Basic,29,2025-02,active,2024-07-01
C0086,Basic,29,2024-08,active,2024-08-01
C0086,Basic,29,2024-09,active,2024-08-01
C0086,Basic,29,2024-10,active,2024-08-01
C0086,Basic,29,2024-11,active,2024-08-01
C0086,Basic,29,2024-12,active,2024-08-01
C0086,Basic,29,2025-01,active,2024-08-01
C0086,Basic,29,2025-02,active,2024-08-01
C0086,Basic,29,2025-03,active,2024-08-01
C0086,Basic,29,2025-04,active,2024-08-01
C0086,Basic,29,2025-05,active,2024-08-01
C0086,Basic,29,2025-06,active,2024-08-01
C0087,Enterprise,199,2024-10,active,2024-10-01
C0087,Enterprise,199,2024-11,active,2024-10-01
C0087,Enterprise,199,2024-12,active,2024-10-01
C0088,Enterprise,199,2024-02,active,2024-02-01
C0088,Enterprise,199,2024-03,active,2024-02-01
C0088,Enterprise,199,2024-04,active,2024-02-01
C0088,Enterprise,199,2024-05,active,2024-02-01
C0088,Enterprise,199,2024-06,active,2024-02-01
C0088,Enterprise,199,2024-07,active,2024-02-01
C0088,Enterprise,199,2024-08,active,2024-02-01
C0088,Enterprise,199,2024-09,active,2024-02-01
C0088,Enterprise,199,2024-10,active,2024-02-01
C0088,Enterprise,199,2024-11,active,2024-02-01
C0088,Enterprise,199,2024-12,active,2024-02-01
C0088,Enterprise,199,2025-01,active,2024-02-01
C0088,Enterprise,199,2025-02,active,2024-02-01
C0088,Enterprise,199,2025-03,active,2024-02-01
C0088,Enterprise,199,2025-04,active,2024-02-01
C0088,Enterprise,199,2025-05,active,2024-02-01
C0088,Enterprise,199,2025-06,active,2024-02-01
C0089,Pro,79,2024-04,active,2024-04-01
C0089,Pro,79,2024-05,active,2024-04-01
C0089,Pro,79,2024-06,active,2024-04-01
C0089,Pro,79,2024-07,active,2024-04-01
C0089,Pro,79,2024-08,active,2024-04-01
C0089,Pro,79,2024-09,active,2024-04-01
C0089,Pro,79,2024-10,active,2024-04-01
C0089,Pro,79,2024-11,active,2024-04-01
C0089,Pro,79,2024-12,active,2024-04-01
C0089,Pro,79,2025-01,active,2024-04-01
C0089,Pro,79,2025-02,active,2024-04-01
C0089,Pro,79,2025-03,active,2024-04-01
C0089,Pro,79,2025-04,active,2024-04-01
C0089,Pro,79,2025-05,active,2024-04-01
C0089,Pro,79,2025-06,active,2024-04-01
C0090,Basic,29,2024-02,active,2024-02-01
C0090,Basic,29,2024-03,active,2024-02-01
C0090,Basic,29,2024-04,active,2024-02-01
C0090,Basic,29,2024-05,active,2024-02-01
C0090,Basic,29,2024-06,active,2024-02-01
C0090,Basic,29,2024-07,active,2024-02-01
C0090,Basic,29,2024-08,active,2024-02-01
C0090,Basic,29,2024-09,active,2024-02-01
C0090,Basic,29,2024-10,active,2024-02-01
C0090,Basic,29,2024-11,active,2024-02-01
C0090,Basic,29,2024-12,active,2024-02-01
C0090,Basic,29,2025-01,active,2024-02-01
C0090,Basic,29,2025-02,active,2024-02-01
C0090,Basic,29,2025-03,active,2024-02-01
C0090,Basic,29,2025-04,active,2024-02-01
C0090,Basic,29,2025-05,active,2024-02-01
C0090,Basic,29,2025-06,active,2024-02-01
C0091,Basic,29,2024-11,active,2024-11-01
C0091,Basic,29,2024-12,active,2024-11-01
C0091,Basic,29,2025-01,active,2024-11-01
C0091,Basic,29,2025-02,active,2024-11-01
C0091,Basic,29,2025-03,active,2024-11-01
C0091,Basic,29,2025-04,active,2024-11-01
C0091,Basic,29,2025-05,active,2024-11-01
C0091,Basic,29,2025-06,active,2024-11-01
C0092,Basic,29,2024-05,active,2024-05-01
C0092,Basic,29,2024-06,active,2024-05-01
C0092,Basic,29,2024-07,active,2024-05-01
C0092,Basic,29,2024-08,active,2024-05-01
C0092,Basic,29,2024-09,active,2024-05-01
C0092,Basic,29,2024-10,active,2024-05-01
C0092,Basic,29,2024-11,active,2024-05-01
C0092,Basic,29,2024-12,active,2024-05-01
C0092,Basic,29,2025-01,active,2024-05-01
C0092,Basic,29,2025-02,active,2024-05-01
C0092,Basic,29,2025-03,active,2024-05-01
C0092,Basic,29,2025-04,active,2024-05-01
C0092,Basic,29,2025-05,active,2024-05-01
C0092,Basic,29,2025-06,active,2024-05-01
C0093,Pro,79,2024-10,active,2024-10-01
C0093,Pro,79,2024-11,active,2024-10-01
C0093,Pro,79,2024-12,active,2024-10-01
C0093,Pro,79,2025-01,active,2024-10-01
C0093,Pro,79,2025-02,active,2024-10-01
C0093,Pro,79,2025-03,active,2024-10-01
C0093,Pro,79,2025-04,active,2024-10-01
C0093,Pro,79,2025-05,active,2024-10-01
C0093,Pro,79,2025-06,active,2024-10-01
C0094,Pro,79,2024-08,active,2024-08-01
C0094,Pro,79,2024-09,active,2024-08-01
C0094,Pro,79,2024-10,active,2024-08-01
C0094,Pro,79,2024-11,active,2024-08-01
C0094,Pro,79,2024-12,active,2024-08-01
C0094,Pro,79,2025-01,active,2024-08-01
C0094,Pro,79,2025-02,active,2024-08-01
C0094,Pro,79,2025-03,active,2024-08-01
C0094,Pro,79,2025-04,active,2024-08-01
C0094,Pro,79,2025-05,active,2024-08-01
C0094,Pro,79,2025-06,active,2024-08-01
C0095,Pro,79,2024-11,active,2024-11-01
C0095,Pro,79,2024-12,active,2024-11-01
C0095,Pro,79,2025-01,active,2024-11-01
C0096,Basic,29,2024-07,active,2024-07-01
C0096,Basic,29,2024-08,active,2024-07-01
C0096,Basic,29,2024-09,active,2024-07-01
C0097,Pro,79,2024-02,active,2024-02-01
C0097,Pro,79,2024-03,active,2024-02-01
C0097,Pro,79,2024-04,active,2024-02-01
C0097,Pro,79,2024-05,active,2024-02-01
C0097,Pro,79,2024-06,active,2024-02-01
C0097,Pro,79,2024-07,active,2024-02-01
C0097,Pro,79,2024-08,active,2024-02-01
C0097,Pro,79,2024-09,active,2024-02-01
C0097,Pro,79,2024-10,active,2024-02-01
C0097,Pro,79,2024-11,active,2024-02-01
C0097,Pro,79,2024-12,active,2024-02-01
C0097,Pro,79,2025-01,active,2024-02-01
C0097,Pro,79,2025-02,active,2024-02-01
C0097,Pro,79,2025-03,active,2024-02-01
C0097,Pro,79,2025-04,active,2024-02-01
C0097,Pro,79,2025-05,active,2024-02-01
C0097,Pro,79,2025-06,active,2024-02-01
C0098,Enterprise,199,2024-06,active,2024-06-01
C0098,Enterprise,199,2024-07,active,2024-06-01
C0098,Enterprise,199,2024-08,active,2024-06-01
C0098,Enterprise,199,2024-09,active,2024-06-01
C0098,Enterprise,199,2024-10,active,2024-06-01
C0098,Enterprise,199,2024-11,active,2024-06-01
C0098,Enterprise,199,2024-12,active,2024-06-01
C0098,Enterprise,199,2025-01,active,2024-06-01
C0098,Enterprise,199,2025-02,active,2024-06-01
C0098,Enterprise,199,2025-03,active,2024-06-01
C0098,Enterprise,199,2025-04,active,2024-06-01
C0098,Enterprise,199,2025-05,active,2024-06-01
C0098,Enterprise,199,2025-06,active,2024-06-01
C0099,Pro,79,2024-03,active,2024-03-01
C0099,Pro,79,2024-04,active,2024-03-01
C0099,Pro,79,2024-05,active,2024-03-01
C0099,Pro,79,2024-06,active,2024-03-01
C0099,Pro,79,2024-07,active,2024-03-01
C0099,Pro,79,2024-08,active,2024-03-01
C0100,Basic,29,2024-02,active,2024-02-01
C0100,Basic,29,2024-03,active,2024-02-01
C0100,Basic,29,2024-04,active,2024-02-01
C0100,Basic,29,2024-05,active,2024-02-01
C0100,Basic,29,2024-06,active,2024-02-01
C0100,Basic,29,2024-07,active,2024-02-01
C0100,Basic,29,2024-08,active,2024-02-01
C0100,Basic,29,2024-09,active,2024-02-01
C0100,Basic,29,2024-10,active,2024-02-01
C0100,Basic,29,2024-11,active,2024-02-01
C0100,Basic,29,2024-12,active,2024-02-01
C0100,Basic,29,2025-01,active,2024-02-01
C0100,Basic,29,2025-02,active,2024-02-01
C0100,Basic,29,2025-03,active,2024-02-01
C0100,Basic,29,2025-04,active,2024-02-01
C0100,Basic,29,2025-05,active,2024-02-01
C0100,Basic,29,2025-06,active,2024-02-01
C0101,Pro,79,2024-06,active,2024-06-01
C0101,Pro,79,2024-07,active,2024-06-01
C0101,Pro,79,2024-08,active,2024-06-01
C0101,Pro,79,2024-09,active,2024-06-01
C0101,Pro,79,2024-10,active,2024-06-01
C0101,Pro,79,2024-11,active,2024-06-01
C0101,Pro,79,2024-12,active,2024-06-01
C0101,Pro,79,2025-01,active,2024-06-01
C0101,Pro,79,2025-02,active,2024-06-01
C0101,Pro,79,2025-03,active,2024-06-01
C0101,Pro,79,2025-04,active,2024-06-01
C0101,Pro,79,2025-05,active,2024-06-01
C0101,Pro,79,2025-06,active,2024-06-01
C0102,Basic,29,2024-05,active,2024-05-01
C0102,Basic,29,2024-06,active,2024-05-01
C0103,Basic,29,2024-12,active,2024-12-01
C0103,Basic,29,2025-01,active,2024-12-01
C0103,Basic,29,2025-02,active,2024-12-01
C0103,Basic,29,2025-03,active,2024-12-01
C0103,Basic,29,2025-04,active,2024-12-01
C0103,Basic,29,2025-05,active,2024-12-01
C0103,Basic,29,2025-06,active,2024-12-01
C0104,Pro,79,2024-04,active,2024-04-01
C0104,Pro,79,2024-05,active,2024-04-01
C0104,Pro,79,2024-06,active,2024-04-01
C0104,Pro,79,2024-07,active,2024-04-01
C0104,Pro,79,2024-08,active,2024-04-01
C0104,Pro,79,2024-09,active,2024-04-01
C0104,Pro,79,2024-10,active,2024-04-01
C0104,Pro,79,2024-11,active,2024-04-01
C0104,Pro,79,2024-12,active,2024-04-01
C0104,Pro,79,2025-01,active,2024-04-01
C0104,Pro,79,2025-02,active,2024-04-01
C0104,Pro,79,2025-03,active,2024-04-01
C0104,Pro,79,2025-04,active,2024-04-01
C0104,Pro,79,2025-05,active,2024-04-01
C0104,Pro,79,2025-06,active,2024-04-01
C0105,Pro,79,2024-12,active,2024-12-01
C0105,Pro,79,2025-01,active,2024-12-01
C0105,Pro,79,2025-02,active,2024-12-01
C0105,Pro,79,2025-03,active,2024-12-01
C0105,Pro,79,2025-04,active,2024-12-01
C0105,Pro,79,2025-05,active,2024-12-01
C0105,Pro,79,2025-06,active,2024-12-01
C0106,Basic,29,2024-06,active,2024-06-01
C0106,Basic,29,2024-07,active,2024-06-01
C0106,Basic,29,2024-08,active,2024-06-01
C0106,Basic,29,2024-09,active,2024-06-01
C0106,Basic,29,2024-10,active,2024-06-01
C0106,Basic,29,2024-11,active,2024-06-01
C0106,Basic,29,2024-12,active,2024-06-01
C0106,Basic,29,2025-01,active,2024-06-01
C0106,Basic,29,2025-02,active,2024-06-01
C0106,Basic,29,2025-03,active,2024-06-01
C0106,Basic,29,2025-04,active,2024-06-01
C0106,Basic,29,2025-05,active,2024-06-01
C0106,Basic,29,2025-06,active,2024-06-01
C0107,Basic,29,2024-02,active,2024-02-01
C0107,Basic,29,2024-03,active,2024-02-01
C0107,Basic,29,2024-04,active,2024-02-01
C0107,Basic,29,2024-05,active,2024-02-01
C0107,Basic,29,2024-06,active,2024-02-01
C0107,Basic,29,2024-07,active,2024-02-01
C0107,Basic,29,2024-08,active,2024-02-01
C0107,Basic,29,2024-09,active,2024-02-01
C0107,Basic,29,2024-10,active,2024-02-01
C0107,Basic,29,2024-11,active,2024-02-01
C0107,Basic,29,2024-12,active,2024-02-01
C0107,Basic,29,2025-01,active,2024-02-01
C0107,Basic,29,2025-02,active,2024-02-01
C0107,Basic,29,2025-03,active,2024-02-01
C0107,Basic,29,2025-04,active,2024-02-01
C0107,Basic,29,2025-05,active,2024-02-01
C0107,Basic,29,2025-06,active,2024-02-01
C0108,Basic,29,2024-06,active,2024-06-01
C0108,Basic,29,2024-07,active,2024-06-01
C0108,Basic,29,2024-08,active,2024-06-01
C0108,Basic,29,2024-09,active,2024-06-01
C0108,Basic,29,2024-10,active,2024-06-01
C0108,Basic,29,2024-11,active,2024-06-01
C0108,Basic,29,2024-12,active,2024-06-01
C0108,Basic,29,2025-01,active,2024-06-01
C0108,Basic,29,2025-02,active,2024-06-01
C0108,Basic,29,2025-03,active,2024-06-01
C0108,Basic,29,2025-04,active,2024-06-01
C0108,Basic,29,2025-05,active,2024-06-01
C0108,Basic,29,2025-06,active,2024-06-01
C0109,Basic,29,2024-07,active,2024-07-01
C0109,Basic,29,2024-08,active,2024-07-01
C0109,Basic,29,2024-09,active,2024-07-01
C0109,Basic,29,2024-10,active,2024-07-01
C0109,Basic,29,2024-11,active,2024-07-01
C0109,Basic,29,2024-12,active,2024-07-01
C0109,Basic,29,2025-01,active,2024-07-01
C0109,Basic,29,2025-02,active,2024-07-01
C0109,Basic,29,2025-03,active,2024-07-01
C0109,Basic,29,2025-04,active,2024-07-01
C0109,Basic,29,2025-05,active,2024-07-01
C0109,Basic,29,2025-06,active,2024-07-01
C0110,Enterprise,199,2024-01,active,2024-01-01
C0110,Enterprise,199,2024-02,active,2024-01-01
C0110,Enterprise,199,2024-03,active,2024-01-01
C0110,Enterprise,199,2024-04,active,2024-01-01
C0110,Enterprise,199,2024-05,active,2024-01-01
C0110,Enterprise,199,2024-06,active,2024-01-01
C0110,Enterprise,199,2024-07,active,2024-01-01
C0110,Enterprise,199,2024-08,active,2024-01-01
C0110,Enterprise,199,2024-09,active,2024-01-01
C0110,Enterprise,199,2024-10,active,2024-01-01
C0110,Enterprise,199,2024-11,active,2024-01-01
C0110,Enterprise,199,2024-12,active,2024-01-01
C0110,Enterprise,199,2025-01,active,2024-01-01
C0110,Enterprise,199,2025-02,active,2024-01-01
C0110,Enterprise,199,2025-03,active,2024-01-01
C0110,Enterprise,199,2025-04,active,2024-01-01
C0110,Enterprise,199,2025-05,active,2024-01-01
C0110,Enterprise,199,2025-06,active,2024-01-01
C0111,Basic,29,2024-12,active,2024-12-01
C0111,Basic,29,2025-01,active,2024-12-01
C0111,Basic,29,2025-02,active,2024-12-01
C0111,Basic,29,2025-03,active,2024-12-01
C0111,Basic,29,2025-04,active,2024-12-01
C0111,Basic,29,2025-05,active,2024-12-01
C0111,Basic,29,2025-06,active,2024-12-01
C0112,Basic,29,2024-02,active,2024-02-01
C0112,Basic,29,2024-03,active,2024-02-01
C0112,Basic,29,2024-04,active,2024-02-01
C0112,Basic,29,2024-05,active,2024-02-01
C0112,Basic,29,2024-06,active,2024-02-01
C0112,Basic,29,2024-07,active,2024-02-01
C0112,Basic,29,2024-08,active,2024-02-01
C0112,Basic,29,2024-09,active,2024-02-01
C0112,Basic,29,2024-10,active,2024-02-01
C0112,Basic,29,2024-11,active,2024-02-01
C0112,Basic,29,2024-12,active,2024-02-01
C0112,Basic,29,2025-01,active,2024-02-01
C0112,Basic,29,2025-02,active,2024-02-01
C0112,Basic,29,2025-03,active,2024-02-01
C0112,Basic,29,2025-04,active,2024-02-01
C0112,Basic,29,2025-05,active,2024-02-01
C0112,Basic,29,2025-06,active,2024-02-01
C0113,Enterprise,199,2024-11,active,2024-11-01
C0113,Enterprise,199,2024-12,active,2024-11-01
C0113,Enterprise,199,2025-01,active,2024-11-01
C0113,Enterprise,199,2025-02,active,2024-11-01
C0113,Enterprise,199,2025-03,active,2024-11-01
C0113,Enterprise,199,2025-04,active,2024-11-01
C0113,Enterprise,199,2025-05,active,2024-11-01
C0113,Enterprise,199,2025-06,active,2024-11-01
C0114,Basic,29,2024-09,active,2024-09-01
C0114,Basic,29,2024-10,active,2024-09-01
C0114,Basic,29,2024-11,active,2024-09-01
C0114,Basic,29,2024-12,active,2024-09-01
C0114,Basic,29,2025-01,active,2024-09-01
C0114,Basic,29,2025-02,active,2024-09-01
C0114,Basic,29,2025-03,active,2024-09-01
C0114,Basic,29,2025-04,active,2024-09-01
C0114,Basic,29,2025-05,active,2024-09-01
C0114,Basic,29,2025-06,active,2024-09-01
C0115,Basic,29,2024-04,active,2024-04-01
C0115,Basic,29,2024-05,active,2024-04-01
C0115,Basic,29,2024-06,active,2024-04-01
C0116,Basic,29,2024-07,active,2024-07-01
C0116,Basic,29,2024-08,active,2024-07-01
C0116,Basic,29,2024-09,active,2024-07-01
C0116,Basic,29,2024-10,active,2024-07-01
C0116,Basic,29,2024-11,active,2024-07-01
C0116,Basic,29,2024-12,active,2024-07-01
C0116,Basic,29,2025-01,active,2024-07-01
C0116,Basic,29,2025-02,active,2024-07-01
C0117,Pro,79,2024-09,active,2024-09-01
C0117,Pro,79,2024-10,active,2024-09-01
C0117,Pro,79,2024-11,active,2024-09-01
C0117,Pro,79,2024-12,active,2024-09-01
C0117,Pro,79,2025-01,active,2024-09-01
C0117,Pro,79,2025-02,active,2024-09-01
C0118,Pro,79,2024-04,active,2024-04-01
C0118,Pro,79,2024-05,active,2024-04-01
C0118,Pro,79,2024-06,active,2024-04-01
C0118,Pro,79,2024-07,active,2024-04-01
C0118,Pro,79,2024-08,active,2024-04-01
C0118,Pro,79,2024-09,active,2024-04-01
C0118,Pro,79,2024-10,active,2024-04-01
C0118,Pro,79,2024-11,active,2024-04-01
C0118,Pro,79,2024-12,active,2024-04-01
C0118,Pro,79,2025-01,active,2024-04-01
C0118,Pro,79,2025-02,active,2024-04-01
C0118,Pro,79,2025-03,active,2024-04-01
C0118,Pro,79,2025-04,active,2024-04-01
C0118,Pro,79,2025-05,active,2024-04-01
C0118,Pro,79,2025-06,active,2024-04-01
C0119,Pro,79,2024-08,active,2024-08-01
C0119,Pro,79,2024-09,active,2024-08-01
C0119,Pro,79,2024-10,active,2024-08-01
C0119,Pro,79,2024-11,active,2024-08-01
C0119,Pro,79,2024-12,active,2024-08-01
C0119,Pro,79,2025-01,active,2024-08-01
C0119,Pro,79,2025-02,active,2024-08-01
C0119,Pro,79,2025-03,active,2024-08-01
C0119,Pro,79,2025-04,active,2024-08-01
C0119,Pro,79,2025-05,active,2024-08-01
C0119,Pro,79,2025-06,active,2024-08-01
C0120,Enterprise,199,2024-09,active,2024-09-01
C0120,Enterprise,199,2024-10,active,2024-09-01
C0120,Enterprise,199,2024-11,active,2024-09-01
C0120,Enterprise,199,2024-12,active,2024-09-01
C0120,Enterprise,199,2025-01,active,2024-09-01
C0120,Enterprise,199,2025-02,active,2024-09-01
C0120,Enterprise,199,2025-03,active,2024-09-01
C0120,Enterprise,199,2025-04,active,2024-09-01
C0120,Enterprise,199,2025-05,active,2024-09-01
C0120,Enterprise,199,2025-06,active,2024-09-01
C0121,Basic,29,2024-09,active,2024-09-01
C0121,Basic,29,2024-10,active,2024-09-01
C0121,Basic,29,2024-11,active,2024-09-01
C0121,Basic,29,2024-12,active,2024-09-01
C0121,Basic,29,2025-01,active,2024-09-01
C0121,Basic,29,2025-02,active,2024-09-01
C0121,Basic,29,2025-03,active,2024-09-01
C0121,Basic,29,2025-04,active,2024-09-01
C0121,Basic,29,2025-05,active,2024-09-01
C0121,Basic,29,2025-06,active,2024-09-01
C0122,Basic,29,2024-01,active,2024-01-01
C0122,Basic,29,2024-02,active,2024-01-01
C0122,Basic,29,2024-03,active,2024-01-01
C0122,Basic,29,2024-04,active,2024-01-01
C0122,Basic,29,2024-05,active,2024-01-01
C0122,Basic,29,2024-06,active,2024-01-01
C0122,Basic,29,2024-07,active,2024-01-01
C0122,Basic,29,2024-08,active,2024-01-01
C0122,Basic,29,2024-09,active,2024-01-01
C0122,Basic,29,2024-10,active,2024-01-01
C0122,Basic,29,2024-11,active,2024-01-01
C0123,Basic,29,2024-10,active,2024-10-01
C0123,Basic,29,2024-11,active,2024-10-01
C0123,Basic,29,2024-12,active,2024-10-01
C0123,Basic,29,2025-01,active,2024-10-01
C0123,Basic,29,2025-02,active,2024-10-01
C0123,Basic,29,2025-03,active,2024-10-01
C0123,Basic,29,2025-04,active,2024-10-01
C0123,Basic,29,2025-05,active,2024-10-01
C0123,Basic,29,2025-06,active,2024-10-01
C0124,Basic,29,2024-05,active,2024-05-01
C0124,Basic,29,2024-06,active,2024-05-01
C0124,Basic,29,2024-07,active,2024-05-01
C0124,Basic,29,2024-08,active,2024-05-01
C0124,Basic,29,2024-09,active,2024-05-01
C0124,Basic,29,2024-10,active,2024-05-01
C0124,Basic,29,2024-11,active,2024-05-01
C0124,Basic,29,2024-12,active,2024-05-01
C0124,Basic,29,2025-01,active,2024-05-01
C0124,Basic,29,2025-02,active,2024-05-01
C0124,Basic,29,2025-03,active,2024-05-01
C0124,Basic,29,2025-04,active,2024-05-01
C0124,Basic,29,2025-05,active,2024-05-01
C0124,Basic,29,2025-06,active,2024-05-01
C0125,Pro,79,2024-03,active,2024-03-01
C0125,Pro,79,2024-04,active,2024-03-01
C0125,Pro,79,2024-05,active,2024-03-01
C0125,Pro,79,2024-06,active,2024-03-01
C0125,Pro,79,2024-07,active,2024-03-01
C0125,Pro,79,2024-08,active,2024-03-01
C0125,Pro,79,2024-09,active,2024-03-01
C0125,Pro,79,2024-10,active,2024-03-01
C0125,Pro,79,2024-11,active,2024-03-01
C0125,Pro,79,2024-12,active,2024-03-01
C0125,Pro,79,2025-01,active,2024-03-01
C0125,Pro,79,2025-02,active,2024-03-01
C0125,Pro,79,2025-03,active,2024-03-01
C0125,Pro,79,2025-04,active,2024-03-01
C0125,Pro,79,2025-05,active,2024-03-01
C0125,Pro,79,2025-06,active,2024-03-01
C0126,Pro,79,2024-06,active,2024-06-01
C0126,Pro,79,2024-07,active,2024-06-01
C0126,Pro,79,2024-08,active,2024-06-01
C0126,Pro,79,2024-09,active,2024-06-01
C0126,Pro,79,2024-10,active,2024-06-01
C0126,Pro,79,2024-11,active,2024-06-01
C0126,Pro,79,2024-12,active,2024-06-01
C0126,Pro,79,2025-01,active,2024-06-01
C0126,Pro,79,2025-02,active,2024-06-01
C0126,Pro,79,2025-03,active,2024-06-01
C0126,Pro,79,2025-04,active,2024-06-01
C0126,Pro,79,2025-05,active,2024-06-01
C0126,Pro,79,2025-06,active,2024-06-01
C0127,Basic,29,2024-10,active,2024-10-01
C0127,Basic,29,2024-11,active,2024-10-01
C0127,Basic,29,2024-12,active,2024-10-01
C0127,Basic,29,2025-01,active,2024-10-01
C0127,Basic,29,2025-02,active,2024-10-01
C0127,Basic,29,2025-03,active,2024-10-01
C0127,Basic,29,2025-04,active,2024-10-01
C0127,Basic,29,2025-05,active,2024-10-01
C0127,Basic,29,2025-06,active,2024-10-01
C0128,Pro,79,2024-01,active,2024-01-01
C0128,Pro,79,2024-02,active,2024-01-01
C0128,Pro,79,2024-03,active,2024-01-01
C0129,Pro,79,2024-03,active,2024-03-01
C0129,Pro,79,2024-04,active,2024-03-01
C0129,Pro,79,2024-05,active,2024-03-01
C0129,Pro,79,2024-06,active,2024-03-01
C0129,Pro,79,2024-07,active,2024-03-01
C0129,Pro,79,2024-08,active,2024-03-01
C0129,Pro,79,2024-09,active,2024-03-01
C0129,Pro,79,2024-10,active,2024-03-01
C0129,Pro,79,2024-11,active,2024-03-01
C0129,Pro,79,2024-12,active,2024-03-01
C0129,Pro,79,2025-01,active,2024-03-01
C0129,Pro,79,2025-02,active,2024-03-01
C0129,Pro,79,2025-03,active,2024-03-01
C0129,Pro,79,2025-04,active,2024-03-01
C0129,Pro,79,2025-05,active,2024-03-01
C0129,Pro,79,2025-06,active,2024-03-01
C0130,Enterprise,199,2024-10,active,2024-10-01
C0130,Enterprise,199,2024-11,active,2024-10-01
C0130,Enterprise,199,2024-12,active,2024-10-01
C0130,Enterprise,199,2025-01,active,2024-10-01
C0130,Enterprise,199,2025-02,active,2024-10-01
C0130,Enterprise,199,2025-03,active,2024-10-01
C0130,Enterprise,199,2025-04,active,2024-10-01
C0130,Enterprise,199,2025-05,active,2024-10-01
C0130,Enterprise,199,2025-06,active,2024-10-01
C0131,Basic,29,2024-12,active,2024-12-01
C0131,Basic,29,2025-01,active,2024-12-01
C0131,Basic,29,2025-02,active,2024-12-01
C0131,Basic,29,2025-03,active,2024-12-01
C0131,Basic,29,2025-04,active,2024-12-01
C0131,Basic,29,2025-05,active,2024-12-01
C0131,Basic,29,2025-06,active,2024-12-01
C0132,Basic,29,2024-03,active,2024-03-01
C0132,Basic,29,2024-04,active,2024-03-01
C0132,Basic,29,2024-05,active,2024-03-01
C0132,Basic,29,2024-06,active,2024-03-01
C0132,Basic,29,2024-07,active,2024-03-01
C0132,Basic,29,2024-08,active,2024-03-01
C0132,Basic,29,2024-09,active,2024-03-01
C0132,Basic,29,2024-10,active,2024-03-01
C0132,Basic,29,2024-11,active,2024-03-01
C0132,Basic,29,2024-12,active,2024-03-01
C0132,Basic,29,2025-01,active,2024-03-01
C0132,Basic,29,2025-02,active,2024-03-01
C0132,Basic,29,2025-03,active,2024-03-01
C0132,Basic,29,2025-04,active,2024-03-01
C0132,Basic,29,2025-05,active,2024-03-01
C0133,Enterprise,199,2024-12,active,2024-12-01
C0133,Enterprise,199,2025-01,active,2024-12-01
C0133,Enterprise,199,2025-02,active,2024-12-01
C0133,Enterprise,199,2025-03,active,2024-12-01
C0134,Enterprise,199,2024-04,active,2024-04-01
C0134,Enterprise,199,2024-05,active,2024-04-01
C0134,Enterprise,199,2024-06,active,2024-04-01
C0134,Enterprise,199,2024-07,active,2024-04-01
C0134,Enterprise,199,2024-08,active,2024-04-01
C0134,Enterprise,199,2024-09,active,2024-04-01
C0134,Enterprise,199,2024-10,active,2024-04-01
C0134,Enterprise,199,2024-11,active,2024-04-01
C0134,Enterprise,199,2024-12,active,2024-04-01
C0134,Enterprise,199,2025-01,active,2024-04-01
C0135,Basic,29,2024-01,active,2024-01-01
C0135,Basic,29,2024-02,active,2024-01-01
C0135,Basic,29,2024-03,active,2024-01-01
C0135,Basic,29,2024-04,active,2024-01-01
C0135,Basic,29,2024-05,active,2024-01-01
C0135,Basic,29,2024-06,active,2024-01-01
C0135,Basic,29,2024-07,active,2024-01-01
C0135,Basic,29,2024-08,active,2024-01-01
C0135,Basic,29,2024-09,active,2024-01-01
C0135,Basic,29,2024-10,active,2024-01-01
C0135,Basic,29,2024-11,active,2024-01-01
C0135,Basic,29,2024-12,active,2024-01-01
C0135,Basic,29,2025-01,active,2024-01-01
C0135,Basic,29,2025-02,active,2024-01-01
C0135,Basic,29,2025-03,active,2024-01-01
C0135,Basic,29,2025-04,active,2024-01-01
C0135,Basic,29,2025-05,active,2024-01-01
C0135,Basic,29,2025-06,active,2024-01-01
C0136,Pro,79,2024-08,active,2024-08-01
C0136,Pro,79,2024-09,active,2024-08-01
C0136,Pro,79,2024-10,active,2024-08-01
C0136,Pro,79,2024-11,active,2024-08-01
C0136,Pro,79,2024-12,active,2024-08-01
C0137,Pro,79,2024-11,active,2024-11-01
C0137,Pro,79,2024-12,active,2024-11-01
C0137,Pro,79,2025-01,active,2024-11-01
C0137,Pro,79,2025-02,active,2024-11-01
C0137,Pro,79,2025-03,active,2024-11-01
C0137,Pro,79,2025-04,active,2024-11-01
C0137,Pro,79,2025-05,active,2024-11-01
C0137,Pro,79,2025-06,active,2024-11-01
C0138,Pro,79,2024-06,active,2024-06-01
C0138,Pro,79,2024-07,active,2024-06-01
C0138,Pro,79,2024-08,active,2024-06-01
C0138,Pro,79,2024-09,active,2024-06-01
C0138,Pro,79,2024-10,active,2024-06-01
C0138,Pro,79,2024-11,active,2024-06-01
C0138,Pro,79,2024-12,active,2024-06-01
C0138,Pro,79,2025-01,active,2024-06-01
C0138,Pro,79,2025-02,active,2024-06-01
C0138,Pro,79,2025-03,active,2024-06-01
C0138,Pro,79,2025-04,active,2024-06-01
C0138,Pro,79,2025-05,active,2024-06-01
C0138,Pro,79,2025-06,active,2024-06-01
C0139,Basic,29,2024-04,active,2024-04-01
C0139,Basic,29,2024-05,active,2024-04-01
C0139,Basic,29,2024-06,active,2024-04-01
C0139,Basic,29,2024-07,active,2024-04-01
C0139,Basic,29,2024-08,active,2024-04-01
C0139,Basic,29,2024-09,active,2024-04-01
C0139,Basic,29,2024-10,active,2024-04-01
C0139,Basic,29,2024-11,active,2024-04-01
C0139,Basic,29,2024-12,active,2024-04-01
C0139,Basic,29,2025-01,active,2024-04-01
C0139,Basic,29,2025-02,active,2024-04-01
C0139,Basic,29,2025-03,active,2024-04-01
C0139,Basic,29,2025-04,active,2024-04-01
C0139,Basic,29,2025-05,active,2024-04-01
C0139,Basic,29,2025-06,active,2024-04-01
C0140,Basic,29,2024-03,active,2024-03-01
C0140,Basic,29,2024-04,active,2024-03-01
C0140,Basic,29,2024-05,active,2024-03-01
C0140,Basic,29,2024-06,active,2024-03-01
C0140,Basic,29,2024-07,active,2024-03-01
C0140,Basic,29,2024-08,active,2024-03-01
C0140,Basic,29,2024-09,active,2024-03-01
C0140,Basic,29,2024-10,active,2024-03-01
C0140,Basic,29,2024-11,active,2024-03-01
C0140,Basic,29,2024-12,active,2024-03-01
C0140,Basic,29,2025-01,active,2024-03-01
C0140,Basic,29,2025-02,active,2024-03-01
C0140,Basic,29,2025-03,active,2024-03-01
C0140,Basic,29,2025-04,active,2024-03-01
C0140,Basic,29,2025-05,active,2024-03-01
C0140,Basic,29,2025-06,active,2024-03-01
C0141,Basic,29,2024-03,active,2024-03-01
C0141,Basic,29,2024-04,active,2024-03-01
C0141,Basic,29,2024-05,active,2024-03-01
C0141,Basic,29,2024-06,active,2024-03-01
C0142,Basic,29,2024-02,active,2024-02-01
C0142,Basic,29,2024-03,active,2024-02-01
C0142,Basic,29,2024-04,active,2024-02-01
C0142,Basic,29,2024-05,active,2024-02-01
C0142,Basic,29,2024-06,active,2024-02-01
C0142,Basic,29,2024-07,active,2024-02-01
C0142,Basic,29,2024-08,active,2024-02-01
C0142,Basic,29,2024-09,active,2024-02-01
C0142,Basic,29,2024-10,active,2024-02-01
C0142,Basic,29,2024-11,active,2024-02-01
C0142,Basic,29,2024-12,active,2024-02-01
C0142,Basic,29,2025-01,active,2024-02-01
C0142,Basic,29,2025-02,active,2024-02-01
C0142,Basic,29,2025-03,active,2024-02-01
C0142,Basic,29,2025-04,active,2024-02-01
C0142,Basic,29,2025-05,active,2024-02-01
C0142,Basic,29,2025-06,active,2024-02-01
C0143,Basic,29,2024-05,active,2024-05-01
C0143,Basic,29,2024-06,active,2024-05-01
C0143,Basic,29,2024-07,active,2024-05-01
C0143,Basic,29,2024-08,active,2024-05-01
C0143,Basic,29,2024-09,active,2024-05-01
C0143,Basic,29,2024-10,active,2024-05-01
C0143,Basic,29,2024-11,active,2024-05-01
C0143,Basic,29,2024-12,active,2024-05-01
C0143,Basic,29,2025-01,active,2024-05-01
C0143,Basic,29,2025-02,active,2024-05-01
C0143,Basic,29,2025-03,active,2024-05-01
C0143,Basic,29,2025-04,active,2024-05-01
C0143,Basic,29,2025-05,active,2024-05-01
C0143,Basic,29,2025-06,active,2024-05-01
C0144,Pro,79,2024-01,active,2024-01-01
C0144,Pro,79,2024-02,active,2024-01-01
C0144,Pro,79,2024-03,active,2024-01-01
C0144,Pro,79,2024-04,active,2024-01-01
C0144,Pro,79,2024-05,active,2024-01-01
C0144,Pro,79,2024-06,active,2024-01-01
C0144,Pro,79,2024-07,active,2024-01-01
C0144,Pro,79,2024-08,active,2024-01-01
C0144,Pro,79,2024-09,active,2024-01-01
C0144,Pro,79,2024-10,active,2024-01-01
C0144,Pro,79,2024-11,active,2024-01-01
C0144,Pro,79,2024-12,active,2024-01-01
C0144,Pro,79,2025-01,active,2024-01-01
C0144,Pro,79,2025-02,active,2024-01-01
C0144,Pro,79,2025-03,active,2024-01-01
C0144,Pro,79,2025-04,active,2024-01-01
C0144,Pro,79,2025-05,active,2024-01-01
C0144,Pro,79,2025-06,active,2024-01-01
C0145,Basic,29,2024-08,active,2024-08-01
C0145,Basic,29,2024-09,active,2024-08-01
C0145,Basic,29,2024-10,active,2024-08-01
C0145,Basic,29,2024-11,active,2024-08-01
C0145,Basic,29,2024-12,active,2024-08-01
C0145,Basic,29,2025-01,active,2024-08-01
C0145,Basic,29,2025-02,active,2024-08-01
C0145,Basic,29,2025-03,active,2024-08-01
C0145,Basic,29,2025-04,active,2024-08-01
C0145,Basic,29,2025-05,active,2024-08-01
C0145,Basic,29,2025-06,active,2024-08-01
C0146,Pro,79,2024-06,active,2024-06-01
C0146,Pro,79,2024-07,active,2024-06-01
C0146,Pro,79,2024-08,active,2024-06-01
C0146,Pro,79,2024-09,active,2024-06-01
C0146,Pro,79,2024-10,active,2024-06-01
C0146,Pro,79,2024-11,active,2024-06-01
C0146,Pro,79,2024-12,active,2024-06-01
C0146,Pro,79,2025-01,active,2024-06-01
C0146,Pro,79,2025-02,active,2024-06-01
C0146,Pro,79,2025-03,active,2024-06-01
C0146,Pro,79,2025-04,active,2024-06-01
C0146,Pro,79,2025-05,active,2024-06-01
C0146,Pro,79,2025-06,active,2024-06-01
C0147,Basic,29,2024-10,active,2024-10-01
C0147,Basic,29,2024-11,active,2024-10-01
C0147,Basic,29,2024-12,active,2024-10-01
C0147,Basic,29,2025-01,active,2024-10-01
C0147,Basic,29,2025-02,active,2024-10-01
C0147,Basic,29,2025-03,active,2024-10-01
C0147,Basic,29,2025-04,active,2024-10-01
C0147,Basic,29,2025-05,active,2024-10-01
C0147,Basic,29,2025-06,active,2024-10-01
C0148,Basic,29,2024-02,active,2024-02-01
C0148,Basic,29,2024-03,active,2024-02-01
C0148,Basic,29,2024-04,active,2024-02-01
C0148,Basic,29,2024-05,active,2024-02-01
C0148,Basic,29,2024-06,active,2024-02-01
C0148,Basic,29,2024-07,active,2024-02-01
C0148,Basic,29,2024-08,active,2024-02-01
C0148,Basic,29,2024-09,active,2024-02-01
C0148,Basic,29,2024-10,active,2024-02-01
C0148,Basic,29,2024-11,active,2024-02-01
C0148,Basic,29,2024-12,active,2024-02-01
C0148,Basic,29,2025-01,active,2024-02-01
C0148,Basic,29,2025-02,active,2024-02-01
C0148,Basic,29,2025-03,active,2024-02-01
C0148,Basic,29,2025-04,active,2024-02-01
C0148,Basic,29,2025-05,active,2024-02-01
C0148,Basic,29,2025-06,active,2024-02-01
C0149,Pro,79,2024-09,active,2024-09-01
C0149,Pro,79,2024-10,active,2024-09-01
C0149,Pro,79,2024-11,active,2024-09-01
C0149,Pro,79,2024-12,active,2024-09-01
C0149,Pro,79,2025-01,active,2024-09-01
C0149,Pro,79,2025-02,active,2024-09-01
C0149,Pro,79,2025-03,active,2024-09-01
C0149,Pro,79,2025-04,active,2024-09-01
C0149,Pro,79,2025-05,active,2024-09-01
C0149,Pro,79,2025-06,active,2024-09-01
C0150,Basic,29,2024-12,active,2024-12-01
C0150,Basic,29,2025-01,active,2024-12-01
C0150,Basic,29,2025-02,active,2024-12-01
C0150,Basic,29,2025-03,active,2024-12-01
C0150,Basic,29,2025-04,active,2024-12-01
C0150,Basic,29,2025-05,active,2024-12-01
C0150,Basic,29,2025-06,active,2024-12-01
C0151,Pro,79,2024-06,active,2024-06-01
C0151,Pro,79,2024-07,active,2024-06-01
C0151,Pro,79,2024-08,active,2024-06-01
C0151,Pro,79,2024-09,active,2024-06-01
C0151,Pro,79,2024-10,active,2024-06-01
C0151,Pro,79,2024-11,active,2024-06-01
C0151,Pro,79,2024-12,active,2024-06-01
C0151,Pro,79,2025-01,active,2024-06-01
C0151,Pro,79,2025-02,active,2024-06-01
C0151,Pro,79,2025-03,active,2024-06-01
C0152,Pro,79,2024-01,active,2024-01-01
C0152,Pro,79,2024-02,active,2024-01-01
C0152,Pro,79,2024-03,active,2024-01-01
C0152,Pro,79,2024-04,active,2024-01-01
C0152,Pro,79,2024-05,active,2024-01-01
C0152,Pro,79,2024-06,active,2024-01-01
C0152,Pro,79,2024-07,active,2024-01-01
C0152,Pro,79,2024-08,active,2024-01-01
C0152,Pro,79,2024-09,active,2024-01-01
C0152,Pro,79,2024-10,active,2024-01-01
C0152,Pro,79,2024-11,active,2024-01-01
C0152,Pro,79,2024-12,active,2024-01-01
C0152,Pro,79,2025-01,active,2024-01-01
C0152,Pro,79,2025-02,active,2024-01-01
C0152,Pro,79,2025-03,active,2024-01-01
C0152,Pro,79,2025-04,active,2024-01-01
C0153,Enterprise,199,2024-09,active,2024-09-01
C0153,Enterprise,199,2024-10,active,2024-09-01
C0153,Enterprise,199,2024-11,active,2024-09-01
C0153,Enterprise,199,2024-12,active,2024-09-01
C0153,Enterprise,199,2025-01,active,2024-09-01
C0153,Enterprise,199,2025-02,active,2024-09-01
C0153,Enterprise,199,2025-03,active,2024-09-01
C0153,Enterprise,199,2025-04,active,2024-09-01
C0153,Enterprise,199,2025-05,active,2024-09-01
C0153,Enterprise,199,2025-06,active,2024-09-01
C0154,Basic,29,2024-03,active,2024-03-01
C0154,Basic,29,2024-04,active,2024-03-01
C0154,Basic,29,2024-05,active,2024-03-01
C0155,Basic,29,2024-04,active,2024-04-01
C0155,Basic,29,2024-05,active,2024-04-01
C0155,Basic,29,2024-06,active,2024-04-01
C0155,Basic,29,2024-07,active,2024-04-01
C0155,Basic,29,2024-08,active,2024-04-01
C0155,Basic,29,2024-09,active,2024-04-01
C0155,Basic,29,2024-10,active,2024-04-01
C0155,Basic,29,2024-11,active,2024-04-01
C0155,Basic,29,2024-12,active,2024-04-01
C0155,Basic,29,2025-01,active,2024-04-01
C0155,Basic,29,2025-02,active,2024-04-01
C0155,Basic,29,2025-03,active,2024-04-01
C0156,Basic,29,2024-03,active,2024-03-01
C0156,Basic,29,2024-04,active,2024-03-01
C0156,Basic,29,2024-05,active,2024-03-01
C0156,Basic,29,2024-06,active,2024-03-01
C0156,Basic,29,2024-07,active,2024-03-01
C0156,Basic,29,2024-08,active,2024-03-01
C0156,Basic,29,2024-09,active,2024-03-01
C0156,Basic,29,2024-10,active,2024-03-01
C0156,Basic,29,2024-11,active,2024-03-01
C0156,Basic,29,2024-12,active,2024-03-01
C0156,Basic,29,2025-01,active,2024-03-01
C0156,Basic,29,2025-02,active,2024-03-01
C0156,Basic,29,2025-03,active,2024-03-01
C0156,Basic,29,2025-04,active,2024-03-01
C0156,Basic,29,2025-05,active,2024-03-01
C0156,Basic,29,2025-06,active,2024-03-01
C0157,Basic,29,2024-12,active,2024-12-01
C0157,Basic,29,2025-01,active,2024-12-01
C0157,Basic,29,2025-02,active,2024-12-01
C0157,Basic,29,2025-03,active,2024-12-01
C0157,Basic,29,2025-04,active,2024-12-01
C0157,Basic,29,2025-05,active,2024-12-01
C0157,Basic,29,2025-06,active,2024-12-01
C0158,Pro,79,2024-07,active,2024-07-01
C0158,Pro,79,2024-08,active,2024-07-01
C0158,Pro,79,2024-09,active,2024-07-01
C0158,Pro,79,2024-10,active,2024-07-01
C0159,Pro,79,2024-01,active,2024-01-01
C0159,Pro,79,2024-02,active,2024-01-01
C0159,Pro,79,2024-03,active,2024-01-01
C0159,Pro,79,2024-04,active,2024-01-01
C0159,Pro,79,2024-05,active,2024-01-01
C0159,Pro,79,2024-06,active,2024-01-01
C0159,Pro,79,2024-07,active,2024-01-01
C0159,Pro,79,2024-08,active,2024-01-01
C0159,Pro,79,2024-09,active,2024-01-01
C0159,Pro,79,2024-10,active,2024-01-01
C0159,Pro,79,2024-11,active,2024-01-01
C0159,Pro,79,2024-12,active,2024-01-01
C0159,Pro,79,2025-01,active,2024-01-01
C0159,Pro,79,2025-02,active,2024-01-01
C0159,Pro,79,2025-03,active,2024-01-01
C0159,Pro,79,2025-04,active,2024-01-01
C0159,Pro,79,2025-05,active,2024-01-01
C0159,Pro,79,2025-06,active,2024-01-01
C0160,Pro,79,2024-04,active,2024-04-01
C0160,Pro,79,2024-05,active,2024-04-01
C0160,Pro,79,2024-06,active,2024-04-01
C0160,Pro,79,2024-07,active,2024-04-01
C0160,Pro,79,2024-08,active,2024-04-01
C0160,Pro,79,2024-09,active,2024-04-01
C0160,Pro,79,2024-10,active,2024-04-01
C0160,Pro,79,2024-11,active,2024-04-01
C0160,Pro,79,2024-12,active,2024-04-01
C0160,Pro,79,2025-01,active,2024-04-01
C0160,Pro,79,2025-02,active,2024-04-01
C0160,Pro,79,2025-03,active,2024-04-01
C0160,Pro,79,2025-04,active,2024-04-01
C0160,Pro,79,2025-05,active,2024-04-01
C0160,Pro,79,2025-06,active,2024-04-01
C0161,Pro,79,2024-10,active,2024-10-01
C0161,Pro,79,2024-11,active,2024-10-01
C0161,Pro,79,2024-12,active,2024-10-01
C0161,Pro,79,2025-01,active,2024-10-01
C0161,Pro,79,2025-02,active,2024-10-01
C0161,Pro,79,2025-03,active,2024-10-01
C0161,Pro,79,2025-04,active,2024-10-01
C0161,Pro,79,2025-05,active,2024-10-01
C0161,Pro,79,2025-06,active,2024-10-01
C0162,Enterprise,199,2024-06,active,2024-06-01
C0162,Enterprise,199,2024-07,active,2024-06-01
C0162,Enterprise,199,2024-08,active,2024-06-01
C0162,Enterprise,199,2024-09,active,2024-06-01
C0162,Enterprise,199,2024-10,active,2024-06-01
C0162,Enterprise,199,2024-11,active,2024-06-01
C0162,Enterprise,199,2024-12,active,2024-06-01
C0162,Enterprise,199,2025-01,active,2024-06-01
C0162,Enterprise,199,2025-02,active,2024-06-01
C0162,Enterprise,199,2025-03,active,2024-06-01
C0162,Enterprise,199,2025-04,active,2024-06-01
C0162,Enterprise,199,2025-05,active,2024-06-01
C0162,Enterprise,199,2025-06,active,2024-06-01
C0163,Basic,29,2024-08,active,2024-08-01
C0163,Basic,29,2024-09,active,2024-08-01
C0163,Basic,29,2024-10,active,2024-08-01
C0163,Basic,29,2024-11,active,2024-08-01
C0164,Basic,29,2024-05,active,2024-05-01
C0164,Basic,29,2024-06,active,2024-05-01
C0164,Basic,29,2024-07,active,2024-05-01
C0164,Basic,29,2024-08,active,2024-05-01
C0164,Basic,29,2024-09,active,2024-05-01
C0164,Basic,29,2024-10,active,2024-05-01
C0164,Basic,29,2024-11,active,2024-05-01
C0164,Basic,29,2024-12,active,2024-05-01
C0164,Basic,29,2025-01,active,2024-05-01
C0164,Basic,29,2025-02,active,2024-05-01
C0164,Basic,29,2025-03,active,2024-05-01
C0164,Basic,29,2025-04,active,2024-05-01
C0164,Basic,29,2025-05,active,2024-05-01
C0164,Basic,29,2025-06,active,2024-05-01
C0165,Pro,79,2024-02,active,2024-02-01
C0165,Pro,79,2024-03,active,2024-02-01
C0165,Pro,79,2024-04,active,2024-02-01
C0165,Pro,79,2024-05,active,2024-02-01
C0165,Pro,79,2024-06,active,2024-02-01
C0165,Pro,79,2024-07,active,2024-02-01
C0165,Pro,79,2024-08,active,2024-02-01
C0165,Pro,79,2024-09,active,2024-02-01
C0165,Pro,79,2024-10,active,2024-02-01
C0165,Pro,79,2024-11,active,2024-02-01
C0165,Pro,79,2024-12,active,2024-02-01
C0165,Pro,79,2025-01,active,2024-02-01
C0165,Pro,79,2025-02,active,2024-02-01
C0165,Pro,79,2025-03,active,2024-02-01
C0165,Pro,79,2025-04,active,2024-02-01
C0165,Pro,79,2025-05,active,2024-02-01
C0165,Pro,79,2025-06,active,2024-02-01
C0166,Basic,29,2024-08,active,2024-08-01
C0166,Basic,29,2024-09,active,2024-08-01
C0166,Basic,29,2024-10,active,2024-08-01
C0166,Basic,29,2024-11,active,2024-08-01
C0166,Basic,29,2024-12,active,2024-08-01
C0166,Basic,29,2025-01,active,2024-08-01
C0166,Basic,29,2025-02,active,2024-08-01
C0166,Basic,29,2025-03,active,2024-08-01
C0166,Basic,29,2025-04,active,2024-08-01
C0166,Basic,29,2025-05,active,2024-08-01
C0166,Basic,29,2025-06,active,2024-08-01
C0167,Basic,29,2024-10,active,2024-10-01
C0167,Basic,29,2024-11,active,2024-10-01
C0167,Basic,29,2024-12,active,2024-10-01
C0167,Basic,29,2025-01,active,2024-10-01
C0167,Basic,29,2025-02,active,2024-10-01
C0167,Basic,29,2025-03,active,2024-10-01
C0167,Basic,29,2025-04,active,2024-10-01
C0167,Basic,29,2025-05,active,2024-10-01
C0167,Basic,29,2025-06,active,2024-10-01
C0168,Pro,79,2024-12,active,2024-12-01
C0168,Pro,79,2025-01,active,2024-12-01
C0168,Pro,79,2025-02,active,2024-12-01
C0168,Pro,79,2025-03,active,2024-12-01
C0168,Pro,79,2025-04,active,2024-12-01
C0168,Pro,79,2025-05,active,2024-12-01
C0168,Pro,79,2025-06,active,2024-12-01
C0169,Pro,79,2024-06,active,2024-06-01
C0169,Pro,79,2024-07,active,2024-06-01
C0169,Pro,79,2024-08,active,2024-06-01
C0169,Pro,79,2024-09,active,2024-06-01
C0169,Pro,79,2024-10,active,2024-06-01
C0169,Pro,79,2024-11,active,2024-06-01
C0169,Pro,79,2024-12,active,2024-06-01
C0169,Pro,79,2025-01,active,2024-06-01
C0169,Pro,79,2025-02,active,2024-06-01
C0169,Pro,79,2025-03,active,2024-06-01
C0169,Pro,79,2025-04,active,2024-06-01
C0169,Pro,79,2025-05,active,2024-06-01
C0169,Pro,79,2025-06,active,2024-06-01
C0170,Enterprise,199,2024-06,active,2024-06-01
C0170,Enterprise,199,2024-07,active,2024-06-01
C0170,Enterprise,199,2024-08,active,2024-06-01
C0170,Enterprise,199,2024-09,active,2024-06-01
C0170,Enterprise,199,2024-10,active,2024-06-01
C0170,Enterprise,199,2024-11,active,2024-06-01
C0170,Enterprise,199,2024-12,active,2024-06-01
C0170,Enterprise,199,2025-01,active,2024-06-01
C0170,Enterprise,199,2025-02,active,2024-06-01
C0170,Enterprise,199,2025-03,active,2024-06-01
C0170,Enterprise,199,2025-04,active,2024-06-01
C0170,Enterprise,199,2025-05,active,2024-06-01
C0170,Enterprise,199,2025-06,active,2024-06-01
C0171,Pro,79,2024-03,active,2024-03-01
C0171,Pro,79,2024-04,active,2024-03-01
C0171,Pro,79,2024-05,active,2024-03-01
C0171,Pro,79,2024-06,active,2024-03-01
C0171,Pro,79,2024-07,active,2024-03-01
C0171,Pro,79,2024-08,active,2024-03-01
C0171,Pro,79,2024-09,active,2024-03-01
C0171,Pro,79,2024-10,active,2024-03-01
C0171,Pro,79,2024-11,active,2024-03-01
C0171,Pro,79,2024-12,active,2024-03-01
C0171,Pro,79,2025-01,active,2024-03-01
C0171,Pro,79,2025-02,active,2024-03-01
C0171,Pro,79,2025-03,active,2024-03-01
C0171,Pro,79,2025-04,active,2024-03-01
C0171,Pro,79,2025-05,active,2024-03-01
C0171,Pro,79,2025-06,active,2024-03-01
C0172,Pro,79,2024-12,active,2024-12-01
C0172,Pro,79,2025-01,active,2024-12-01
C0172,Pro,79,2025-02,active,2024-12-01
C0172,Pro,79,2025-03,active,2024-12-01
C0172,Pro,79,2025-04,active,2024-12-01
C0172,Pro,79,2025-05,active,2024-12-01
C0172,Pro,79,2025-06,active,2024-12-01
C0173,Pro,79,2024-02,active,2024-02-01
C0173,Pro,79,2024-03,active,2024-02-01
C0173,Pro,79,2024-04,active,2024-02-01
C0173,Pro,79,2024-05,active,2024-02-01
C0173,Pro,79,2024-06,active,2024-02-01
C0173,Pro,79,2024-07,active,2024-02-01
C0173,Pro,79,2024-08,active,2024-02-01
C0173,Pro,79,2024-09,active,2024-02-01
C0173,Pro,79,2024-10,active,2024-02-01
C0173,Pro,79,2024-11,active,2024-02-01
C0173,Pro,79,2024-12,active,2024-02-01
C0173,Pro,79,2025-01,active,2024-02-01
C0173,Pro,79,2025-02,active,2024-02-01
C0173,Pro,79,2025-03,active,2024-02-01
C0173,Pro,79,2025-04,active,2024-02-01
C0173,Pro,79,2025-05,active,2024-02-01
C0173,Pro,79,2025-06,active,2024-02-01
C0174,Pro,79,2024-03,active,2024-03-01
C0174,Pro,79,2024-04,active,2024-03-01
C0174,Pro,79,2024-05,active,2024-03-01
C0175,Basic,29,2024-05,active,2024-05-01
C0175,Basic,29,2024-06,active,2024-05-01
C0175,Basic,29,2024-07,active,2024-05-01
C0175,Basic,29,2024-08,active,2024-05-01
C0175,Basic,29,2024-09,active,2024-05-01
C0175,Basic,29,2024-10,active,2024-05-01
C0175,Basic,29,2024-11,active,2024-05-01
C0175,Basic,29,2024-12,active,2024-05-01
C0176,Basic,29,2024-11,active,2024-11-01
C0176,Basic,29,2024-12,active,2024-11-01
C0176,Basic,29,2025-01,active,2024-11-01
C0176,Basic,29,2025-02,active,2024-11-01
C0176,Basic,29,2025-03,active,2024-11-01
C0176,Basic,29,2025-04,active,2024-11-01
C0176,Basic,29,2025-05,active,2024-11-01
C0176,Basic,29,2025-06,active,2024-11-01
C0177,Basic,29,2024-09,active,2024-09-01
C0177,Basic,29,2024-10,active,2024-09-01
C0177,Basic,29,2024-11,active,2024-09-01
C0177,Basic,29,2024-12,active,2024-09-01
C0177,Basic,29,2025-01,active,2024-09-01
C0177,Basic,29,2025-02,active,2024-09-01
C0177,Basic,29,2025-03,active,2024-09-01
C0177,Basic,29,2025-04,active,2024-09-01
C0177,Basic,29,2025-05,active,2024-09-01
C0177,Basic,29,2025-06,active,2024-09-01
C0178,Basic,29,2024-09,active,2024-09-01
C0178,Basic,29,2024-10,active,2024-09-01
C0178,Basic,29,2024-11,active,2024-09-01
C0178,Basic,29,2024-12,active,2024-09-01
C0178,Basic,29,2025-01,active,2024-09-01
C0178,Basic,29,2025-02,active,2024-09-01
C0178,Basic,29,2025-03,active,2024-09-01
C0178,Basic,29,2025-04,active,2024-09-01
C0179,Basic,29,2024-08,active,2024-08-01
C0179,Basic,29,2024-09,active,2024-08-01
C0179,Basic,29,2024-10,active,2024-08-01
C0179,Basic,29,2024-11,active,2024-08-01
C0179,Basic,29,2024-12,active,2024-08-01
C0179,Basic,29,2025-01,active,2024-08-01
C0179,Basic,29,2025-02,active,2024-08-01
C0179,Basic,29,2025-03,active,2024-08-01
C0179,Basic,29,2025-04,active,2024-08-01
C0179,Basic,29,2025-05,active,2024-08-01
C0179,Basic,29,2025-06,active,2024-08-01
C0180,Pro,79,2024-07,active,2024-07-01
C0180,Pro,79,2024-08,active,2024-07-01
C0180,Pro,79,2024-09,active,2024-07-01
C0180,Pro,79,2024-10,active,2024-07-01
C0180,Pro,79,2024-11,active,2024-07-01
C0180,Pro,79,2024-12,active,2024-07-01
C0180,Pro,79,2025-01,active,2024-07-01
C0180,Pro,79,2025-02,active,2024-07-01
C0180,Pro,79,2025-03,active,2024-07-01
C0180,Pro,79,2025-04,active,2024-07-01
C0180,Pro,79,2025-05,active,2024-07-01
C0180,Pro,79,2025-06,active,2024-07-01
C0181,Pro,79,2024-09,active,2024-09-01
C0181,Pro,79,2024-10,active,2024-09-01
C0181,Pro,79,2024-11,active,2024-09-01
C0181,Pro,79,2024-12,active,2024-09-01
C0181,Pro,79,2025-01,active,2024-09-01
C0181,Pro,79,2025-02,active,2024-09-01
C0181,Pro,79,2025-03,active,2024-09-01
C0181,Pro,79,2025-04,active,2024-09-01
C0181,Pro,79,2025-05,active,2024-09-01
C0181,Pro,79,2025-06,active,2024-09-01
C0182,Pro,79,2024-06,active,2024-06-01
C0182,Pro,79,2024-07,active,2024-06-01
C0182,Pro,79,2024-08,active,2024-06-01
C0182,Pro,79,2024-09,active,2024-06-01
C0182,Pro,79,2024-10,active,2024-06-01
C0182,Pro,79,2024-11,active,2024-06-01
C0182,Pro,79,2024-12,active,2024-06-01
C0182,Pro,79,2025-01,active,2024-06-01
C0182,Pro,79,2025-02,active,2024-06-01
C0182,Pro,79,2025-03,active,2024-06-01
C0182,Pro,79,2025-04,active,2024-06-01
C0182,Pro,79,2025-05,active,2024-06-01
C0182,Pro,79,2025-06,active,2024-06-01
C0183,Basic,29,2024-07,active,2024-07-01
C0183,Basic,29,2024-08,active,2024-07-01
C0184,Basic,29,2024-06,active,2024-06-01
C0184,Basic,29,2024-07,active,2024-06-01
C0184,Basic,29,2024-08,active,2024-06-01
C0184,Basic,29,2024-09,active,2024-06-01
C0184,Basic,29,2024-10,active,2024-06-01
C0184,Basic,29,2024-11,active,2024-06-01
C0184,Basic,29,2024-12,active,2024-06-01
C0184,Basic,29,2025-01,active,2024-06-01
C0184,Basic,29,2025-02,active,2024-06-01
C0184,Basic,29,2025-03,active,2024-06-01
C0185,Basic,29,2024-01,active,2024-01-01
C0185,Basic,29,2024-02,active,2024-01-01
C0185,Basic,29,2024-03,active,2024-01-01
C0185,Basic,29,2024-04,active,2024-01-01
C0185,Basic,29,2024-05,active,2024-01-01
C0185,Basic,29,2024-06,active,2024-01-01
C0185,Basic,29,2024-07,active,2024-01-01
C0185,Basic,29,2024-08,active,2024-01-01
C0185,Basic,29,2024-09,active,2024-01-01
C0185,Basic,29,2024-10,active,2024-01-01
C0185,Basic,29,2024-11,active,2024-01-01
C0185,Basic,29,2024-12,active,2024-01-01
C0185,Basic,29,2025-01,active,2024-01-01
C0185,Basic,29,2025-02,active,2024-01-01
C0185,Basic,29,2025-03,active,2024-01-01
C0185,Basic,29,2025-04,active,2024-01-01
C0185,Basic,29,2025-05,active,2024-01-01
C0185,Basic,29,2025-06,active,2024-01-01
C0186,Basic,29,2024-01,active,2024-01-01
C0186,Basic,29,2024-02,active,2024-01-01
C0186,Basic,29,2024-03,active,2024-01-01
C0186,Basic,29,2024-04,active,2024-01-01
C0186,Basic,29,2024-05,active,2024-01-01
C0186,Basic,29,2024-06,active,2024-01-01
C0186,Basic,29,2024-07,active,2024-01-01
C0186,Basic,29,2024-08,active,2024-01-01
C0186,Basic,29,2024-09,active,2024-01-01
C0186,Basic,29,2024-10,active,2024-01-01
C0187,Basic,29,2024-07,active,2024-07-01
C0187,Basic,29,2024-08,active,2024-07-01
C0187,Basic,29,2024-09,active,2024-07-01
C0187,Basic,29,2024-10,active,2024-07-01
C0187,Basic,29,2024-11,active,2024-07-01
C0187,Basic,29,2024-12,active,2024-07-01
C0187,Basic,29,2025-01,active,2024-07-01
C0187,Basic,29,2025-02,active,2024-07-01
C0187,Basic,29,2025-03,active,2024-07-01
C0187,Basic,29,2025-04,active,2024-07-01
C0187,Basic,29,2025-05,active,2024-07-01
C0187,Basic,29,2025-06,active,2024-07-01
C0188,Pro,79,2024-02,active,2024-02-01
C0188,Pro,79,2024-03,active,2024-02-01
C0188,Pro,79,2024-04,active,2024-02-01
C0189,Basic,29,2024-02,active,2024-02-01
C0189,Basic,29,2024-03,active,2024-02-01
C0189,Basic,29,2024-04,active,2024-02-01
C0189,Basic,29,2024-05,active,2024-02-01
C0189,Basic,29,2024-06,active,2024-02-01
C0189,Basic,29,2024-07,active,2024-02-01
C0189,Basic,29,2024-08,active,2024-02-01
C0189,Basic,29,2024-09,active,2024-02-01
C0189,Basic,29,2024-10,active,2024-02-01
C0189,Basic,29,2024-11,active,2024-02-01
C0189,Basic,29,2024-12,active,2024-02-01
C0189,Basic,29,2025-01,active,2024-02-01
C0189,Basic,29,2025-02,active,2024-02-01
C0189,Basic,29,2025-03,active,2024-02-01
C0189,Basic,29,2025-04,active,2024-02-01
C0189,Basic,29,2025-05,active,2024-02-01
C0189,Basic,29,2025-06,active,2024-02-01
C0190,Pro,79,2024-09,active,2024-09-01
C0190,Pro,79,2024-10,active,2024-09-01
C0190,Pro,79,2024-11,active,2024-09-01
C0190,Pro,79,2024-12,active,2024-09-01
C0190,Pro,79,2025-01,active,2024-09-01
C0190,Pro,79,2025-02,active,2024-09-01
C0190,Pro,79,2025-03,active,2024-09-01
C0190,Pro,79,2025-04,active,2024-09-01
C0190,Pro,79,2025-05,active,2024-09-01
C0190,Pro,79,2025-06,active,2024-09-01
C0191,Basic,29,2024-03,active,2024-03-01
C0191,Basic,29,2024-04,active,2024-03-01
C0191,Basic,29,2024-05,active,2024-03-01
C0191,Basic,29,2024-06,active,2024-03-01
C0192,Pro,79,2024-11,active,2024-11-01
C0192,Pro,79,2024-12,active,2024-11-01
C0192,Pro,79,2025-01,active,2024-11-01
C0192,Pro,79,2025-02,active,2024-11-01
C0192,Pro,79,2025-03,active,2024-11-01
C0192,Pro,79,2025-04,active,2024-11-01
C0192,Pro,79,2025-05,active,2024-11-01
C0192,Pro,79,2025-06,active,2024-11-01
C0193,Basic,29,2024-04,active,2024-04-01
C0193,Basic,29,2024-05,active,2024-04-01
C0194,Basic,29,2024-11,active,2024-11-01
C0194,Basic,29,2024-12,active,2024-11-01
C0194,Basic,29,2025-01,active,2024-11-01
C0194,Basic,29,2025-02,active,2024-11-01
C0194,Basic,29,2025-03,active,2024-11-01
C0194,Basic,29,2025-04,active,2024-11-01
C0194,Basic,29,2025-05,active,2024-11-01
C0194,Basic,29,2025-06,active,2024-11-01
C0195,Basic,29,2024-02,active,2024-02-01
C0195,Basic,29,2024-03,active,2024-02-01
C0195,Basic,29,2024-04,active,2024-02-01
C0195,Basic,29,2024-05,active,2024-02-01
C0196,Enterprise,199,2024-06,active,2024-06-01
C0196,Enterprise,199,2024-07,active,2024-06-01
C0196,Enterprise,199,2024-08,active,2024-06-01
C0196,Enterprise,199,2024-09,active,2024-06-01
C0196,Enterprise,199,2024-10,active,2024-06-01
C0196,Enterprise,199,2024-11,active,2024-06-01
C0196,Enterprise,199,2024-12,active,2024-06-01
C0196,Enterprise,199,2025-01,active,2024-06-01
C0196,Enterprise,199,2025-02,active,2024-06-01
C0196,Enterprise,199,2025-03,active,2024-06-01
C0196,Enterprise,199,2025-04,active,2024-06-01
C0196,Enterprise,199,2025-05,active,2024-06-01
C0196,Enterprise,199,2025-06,active,2024-06-01
C0197,Enterprise,199,2024-11,active,2024-11-01
C0197,Enterprise,199,2024-12,active,2024-11-01
C0197,Enterprise,199,2025-01,active,2024-11-01
C0197,Enterprise,199,2025-02,active,2024-11-01
C0197,Enterprise,199,2025-03,active,2024-11-01
C0197,Enterprise,199,2025-04,active,2024-11-01
C0197,Enterprise,199,2025-05,active,2024-11-01
C0197,Enterprise,199,2025-06,active,2024-11-01
C0198,Pro,79,2024-11,active,2024-11-01
C0198,Pro,79,2024-12,active,2024-11-01
C0198,Pro,79,2025-01,active,2024-11-01
C0198,Pro,79,2025-02,active,2024-11-01
C0198,Pro,79,2025-03,active,2024-11-01
C0198,Pro,79,2025-04,active,2024-11-01
C0198,Pro,79,2025-05,active,2024-11-01
C0198,Pro,79,2025-06,active,2024-11-01
C0199,Basic,29,2024-04,active,2024-04-01
C0199,Basic,29,2024-05,active,2024-04-01
C0199,Basic,29,2024-06,active,2024-04-01
C0199,Basic,29,2024-07,active,2024-04-01
C0199,Basic,29,2024-08,active,2024-04-01
C0199,Basic,29,2024-09,active,2024-04-01
C0199,Basic,29,2024-10,active,2024-04-01
C0199,Basic,29,2024-11,active,2024-04-01
C0199,Basic,29,2024-12,active,2024-04-01
C0199,Basic,29,2025-01,active,2024-04-01
C0199,Basic,29,2025-02,active,2024-04-01
C0199,Basic,29,2025-03,active,2024-04-01
C0199,Basic,29,2025-04,active,2024-04-01
C0200,Pro,79,2024-01,active,2024-01-01
C0200,Pro,79,2024-02,active,2024-01-01
C0200,Pro,79,2024-03,active,2024-01-01
C0200,Pro,79,2024-04,active,2024-01-01
C0200,Pro,79,2024-05,active,2024-01-01
C0200,Pro,79,2024-06,active,2024-01-01
C0201,Pro,79,2024-06,active,2024-06-01
C0201,Pro,79,2024-07,active,2024-06-01
C0201,Pro,79,2024-08,active,2024-06-01
C0201,Pro,79,2024-09,active,2024-06-01
C0201,Pro,79,2024-10,active,2024-06-01
C0201,Pro,79,2024-11,active,2024-06-01
C0201,Pro,79,2024-12,active,2024-06-01
C0201,Pro,79,2025-01,active,2024-06-01
C0201,Pro,79,2025-02,active,2024-06-01
C0201,Pro,79,2025-03,active,2024-06-01
C0201,Pro,79,2025-04,active,2024-06-01
C0201,Pro,79,2025-05,active,2024-06-01
C0201,Pro,79,2025-06,active,2024-06-01
C0202,Pro,79,2024-01,active,2024-01-01
C0202,Pro,79,2024-02,active,2024-01-01
C0202,Pro,79,2024-03,active,2024-01-01
C0202,Pro,79,2024-04,active,2024-01-01
C0202,Pro,79,2024-05,active,2024-01-01
C0202,Pro,79,2024-06,active,2024-01-01
C0202,Pro,79,2024-07,active,2024-01-01
C0202,Pro,79,2024-08,active,2024-01-01
C0202,Pro,79,2024-09,active,2024-01-01
C0202,Pro,79,2024-10,active,2024-01-01
C0202,Pro,79,2024-11,active,2024-01-01
C0202,Pro,79,2024-12,active,2024-01-01
C0202,Pro,79,2025-01,active,2024-01-01
C0202,Pro,79,2025-02,active,2024-01-01
C0203,Pro,79,2024-01,active,2024-01-01
C0203,Pro,79,2024-02,active,2024-01-01
C0203,Pro,79,2024-03,active,2024-01-01
C0203,Pro,79,2024-04,active,2024-01-01
C0203,Pro,79,2024-05,active,2024-01-01
C0203,Pro,79,2024-06,active,2024-01-01
C0203,Pro,79,2024-07,active,2024-01-01
C0204,Pro,79,2024-06,active,2024-06-01
C0204,Pro,79,2024-07,active,2024-06-01
C0204,Pro,79,2024-08,active,2024-06-01
C0204,Pro,79,2024-09,active,2024-06-01
C0204,Pro,79,2024-10,active,2024-06-01
C0204,Pro,79,2024-11,active,2024-06-01
C0204,Pro,79,2024-12,active,2024-06-01
C0204,Pro,79,2025-01,active,2024-06-01
C0204,Pro,79,2025-02,active,2024-06-01
C0205,Basic,29,2024-03,active,2024-03-01
C0205,Basic,29,2024-04,active,2024-03-01
C0206,Pro,79,2024-03,active,2024-03-01
C0206,Pro,79,2024-04,active,2024-03-01
C0206,Pro,79,2024-05,active,2024-03-01
C0206,Pro,79,2024-06,active,2024-03-01
C0206,Pro,79,2024-07,active,2024-03-01
C0206,Pro,79,2024-08,active,2024-03-01
C0206,Pro,79,2024-09,active,2024-03-01
C0206,Pro,79,2024-10,active,2024-03-01
C0206,Pro,79,2024-11,active,2024-03-01
C0206,Pro,79,2024-12,active,2024-03-01
C0206,Pro,79,2025-01,active,2024-03-01
C0206,Pro,79,2025-02,active,2024-03-01
C0206,Pro,79,2025-03,active,2024-03-01
C0206,Pro,79,2025-04,active,2024-03-01
C0206,Pro,79,2025-05,active,2024-03-01
C0206,Pro,79,2025-06,active,2024-03-01
C0207,Pro,79,2024-03,active,2024-03-01
C0207,Pro,79,2024-04,active,2024-03-01
C0208,Pro,79,2024-03,active,2024-03-01
C0208,Pro,79,2024-04,active,2024-03-01
C0208,Pro,79,2024-05,active,2024-03-01
C0208,Pro,79,2024-06,active,2024-03-01
C0208,Pro,79,2024-07,active,2024-03-01
C0208,Pro,79,2024-08,active,2024-03-01
C0208,Pro,79,2024-09,active,2024-03-01
C0208,Pro,79,2024-10,active,2024-03-01
C0208,Pro,79,2024-11,active,2024-03-01
C0208,Pro,79,2024-12,active,2024-03-01
C0208,Pro,79,2025-01,active,2024-03-01
C0208,Pro,79,2025-02,active,2024-03-01
C0208,Pro,79,2025-03,active,2024-03-01
C0208,Pro,79,2025-04,active,2024-03-01
C0208,Pro,79,2025-05,active,2024-03-01
C0208,Pro,79,2025-06,active,2024-03-01
C0209,Pro,79,2024-05,active,2024-05-01
C0209,Pro,79,2024-06,active,2024-05-01
C0210,Basic,29,2024-03,active,2024-03-01
C0210,Basic,29,2024-04,active,2024-03-01
C0210,Basic,29,2024-05,active,2024-03-01
C0210,Basic,29,2024-06,active,2024-03-01
C0210,Basic,29,2024-07,active,2024-03-01
C0210,Basic,29,2024-08,active,2024-03-01
C0210,Basic,29,2024-09,active,2024-03-01
C0210,Basic,29,2024-10,active,2024-03-01
C0210,Basic,29,2024-11,active,2024-03-01
C0210,Basic,29,2024-12,active,2024-03-01
C0210,Basic,29,2025-01,active,2024-03-01
C0210,Basic,29,2025-02,active,2024-03-01
C0210,Basic,29,2025-03,active,2024-03-01
C0210,Basic,29,2025-04,active,2024-03-01
C0210,Basic,29,2025-05,active,2024-03-01
C0210,Basic,29,2025-06,active,2024-03-01
C0211,Pro,79,2024-07,active,2024-07-01
C0211,Pro,79,2024-08,active,2024-07-01
C0211,Pro,79,2024-09,active,2024-07-01
C0211,Pro,79,2024-10,active,2024-07-01
C0211,Pro,79,2024-11,active,2024-07-01
C0211,Pro,79,2024-12,active,2024-07-01
C0211,Pro,79,2025-01,active,2024-07-01
C0211,Pro,79,2025-02,active,2024-07-01
C0211,Pro,79,2025-03,active,2024-07-01
C0211,Pro,79,2025-04,active,2024-07-01
C0211,Pro,79,2025-05,active,2024-07-01
C0211,Pro,79,2025-06,active,2024-07-01
C0212,Basic,29,2024-01,active,2024-01-01
C0212,Basic,29,2024-02,active,2024-01-01
C0212,Basic,29,2024-03,active,2024-01-01
C0212,Basic,29,2024-04,active,2024-01-01
C0212,Basic,29,2024-05,active,2024-01-01
C0212,Basic,29,2024-06,active,2024-01-01
C0212,Basic,29,2024-07,active,2024-01-01
C0212,Basic,29,2024-08,active,2024-01-01
C0212,Basic,29,2024-09,active,2024-01-01
C0212,Basic,29,2024-10,active,2024-01-01
C0212,Basic,29,2024-11,active,2024-01-01
C0212,Basic,29,2024-12,active,2024-01-01
C0212,Basic,29,2025-01,active,2024-01-01
C0212,Basic,29,2025-02,active,2024-01-01
C0212,Basic,29,2025-03,active,2024-01-01
C0212,Basic,29,2025-04,active,2024-01-01
C0212,Basic,29,2025-05,active,2024-01-01
C0212,Basic,29,2025-06,active,2024-01-01
C0213,Pro,79,2024-10,active,2024-10-01
C0213,Pro,79,2024-11,active,2024-10-01
C0213,Pro,79,2024-12,active,2024-10-01
C0213,Pro,79,2025-01,active,2024-10-01
C0213,Pro,79,2025-02,active,2024-10-01
C0213,Pro,79,2025-03,active,2024-10-01
C0213,Pro,79,2025-04,active,2024-10-01
C0213,Pro,79,2025-05,active,2024-10-01
C0213,Pro,79,2025-06,active,2024-10-01
C0214,Pro,79,2024-04,active,2024-04-01
C0214,Pro,79,2024-05,active,2024-04-01
C0214,Pro,79,2024-06,active,2024-04-01
C0214,Pro,79,2024-07,active,2024-04-01
C0214,Pro,79,2024-08,active,2024-04-01
C0214,Pro,79,2024-09,active,2024-04-01
C0214,Pro,79,2024-10,active,2024-04-01
C0214,Pro,79,2024-11,active,2024-04-01
C0214,Pro,79,2024-12,active,2024-04-01
C0214,Pro,79,2025-01,active,2024-04-01
C0214,Pro,79,2025-02,active,2024-04-01
C0214,Pro,79,2025-03,active,2024-04-01
C0214,Pro,79,2025-04,active,2024-04-01
C0214,Pro,79,2025-05,active,2024-04-01
C0214,Pro,79,2025-06,active,2024-04-01
C0215,Pro,79,2024-02,active,2024-02-01
C0215,Pro,79,2024-03,active,2024-02-01
C0215,Pro,79,2024-04,active,2024-02-01
C0215,Pro,79,2024-05,active,2024-02-01
C0215,Pro,79,2024-06,active,2024-02-01
C0215,Pro,79,2024-07,active,2024-02-01
C0215,Pro,79,2024-08,active,2024-02-01
C0215,Pro,79,2024-09,active,2024-02-01
C0216,Basic,29,2024-09,active,2024-09-01
C0216,Basic,29,2024-10,active,2024-09-01
C0216,Basic,29,2024-11,active,2024-09-01
C0216,Basic,29,2024-12,active,2024-09-01
C0216,Basic,29,2025-01,active,2024-09-01
C0216,Basic,29,2025-02,active,2024-09-01
C0216,Basic,29,2025-03,active,2024-09-01
C0216,Basic,29,2025-04,active,2024-09-01
C0216,Basic,29,2025-05,active,2024-09-01
C0216,Basic,29,2025-06,active,2024-09-01
C0217,Pro,79,2024-09,active,2024-09-01
C0217,Pro,79,2024-10,active,2024-09-01
C0217,Pro,79,2024-11,active,2024-09-01
C0217,Pro,79,2024-12,active,2024-09-01
C0217,Pro,79,2025-01,active,2024-09-01
C0217,Pro,79,2025-02,active,2024-09-01
C0217,Pro,79,2025-03,active,2024-09-01
C0217,Pro,79,2025-04,active,2024-09-01
C0217,Pro,79,2025-05,active,2024-09-01
C0218,Basic,29,2024-03,active,2024-03-01
C0218,Basic,29,2024-04,active,2024-03-01
C0219,Enterprise,199,2024-11,active,2024-11-01
C0219,Enterprise,199,2024-12,active,2024-11-01
C0219,Enterprise,199,2025-01,active,2024-11-01
C0219,Enterprise,199,2025-02,active,2024-11-01
C0219,Enterprise,199,2025-03,active,2024-11-01
C0219,Enterprise,199,2025-04,active,2024-11-01
C0219,Enterprise,199,2025-05,active,2024-11-01
C0219,Enterprise,199,2025-06,active,2024-11-01
C0220,Basic,29,2024-06,active,2024-06-01
C0220,Basic,29,2024-07,active,2024-06-01
C0220,Basic,29,2024-08,active,2024-06-01
C0220,Basic,29,2024-09,active,2024-06-01
C0221,Basic,29,2024-05,active,2024-05-01
C0221,Basic,29,2024-06,active,2024-05-01
C0221,Basic,29,2024-07,active,2024-05-01
C0221,Basic,29,2024-08,active,2024-05-01
C0221,Basic,29,2024-09,active,2024-05-01
C0221,Basic,29,2024-10,active,2024-05-01
C0221,Basic,29,2024-11,active,2024-05-01
C0221,Basic,29,2024-12,active,2024-05-01
C0221,Basic,29,2025-01,active,2024-05-01
C0221,Basic,29,2025-02,active,2024-05-01
C0221,Basic,29,2025-03,active,2024-05-01
C0221,Basic,29,2025-04,active,2024-05-01
C0221,Basic,29,2025-05,active,2024-05-01
C0221,Basic,29,2025-06,active,2024-05-01
C0222,Basic,29,2024-11,active,2024-11-01
C0222,Basic,29,2024-12,active,2024-11-01
C0222,Basic,29,2025-01,active,2024-11-01
C0222,Basic,29,2025-02,active,2024-11-01
C0222,Basic,29,2025-03,active,2024-11-01
C0222,Basic,29,2025-04,active,2024-11-01
C0222,Basic,29,2025-05,active,2024-11-01
C0222,Basic,29,2025-06,active,2024-11-01
C0223,Basic,29,2024-09,active,2024-09-01
C0223,Basic,29,2024-10,active,2024-09-01
C0223,Basic,29,2024-11,active,2024-09-01
C0223,Basic,29,2024-12,active,2024-09-01
C0223,Basic,29,2025-01,active,2024-09-01
C0223,Basic,29,2025-02,active,2024-09-01
C0223,Basic,29,2025-03,active,2024-09-01
C0223,Basic,29,2025-04,active,2024-09-01
C0223,Basic,29,2025-05,active,2024-09-01
C0223,Basic,29,2025-06,active,2024-09-01
C0224,Pro,79,2024-11,active,2024-11-01
C0224,Pro,79,2024-12,active,2024-11-01
C0224,Pro,79,2025-01,active,2024-11-01
C0224,Pro,79,2025-02,active,2024-11-01
C0224,Pro,79,2025-03,active,2024-11-01
C0224,Pro,79,2025-04,active,2024-11-01
C0224,Pro,79,2025-05,active,2024-11-01
C0224,Pro,79,2025-06,active,2024-11-01
C0225,Pro,79,2024-08,active,2024-08-01
C0225,Pro,79,2024-09,active,2024-08-01
C0225,Pro,79,2024-10,active,2024-08-01
C0225,Pro,79,2024-11,active,2024-08-01
C0225,Pro,79,2024-12,active,2024-08-01
C0225,Pro,79,2025-01,active,2024-08-01
C0225,Pro,79,2025-02,active,2024-08-01
C0225,Pro,79,2025-03,active,2024-08-01
C0225,Pro,79,2025-04,active,2024-08-01
C0225,Pro,79,2025-05,active,2024-08-01
C0225,Pro,79,2025-06,active,2024-08-01
C0226,Pro,79,2024-10,active,2024-10-01
C0226,Pro,79,2024-11,active,2024-10-01
C0226,Pro,79,2024-12,active,2024-10-01
C0226,Pro,79,2025-01,active,2024-10-01
C0226,Pro,79,2025-02,active,2024-10-01
C0226,Pro,79,2025-03,active,2024-10-01
C0226,Pro,79,2025-04,active,2024-10-01
C0226,Pro,79,2025-05,active,2024-10-01
C0226,Pro,79,2025-06,active,2024-10-01
C0227,Enterprise,199,2024-12,active,2024-12-01
C0227,Enterprise,199,2025-01,active,2024-12-01
C0227,Enterprise,199,2025-02,active,2024-12-01
C0227,Enterprise,199,2025-03,active,2024-12-01
C0227,Enterprise,199,2025-04,active,2024-12-01
C0227,Enterprise,199,2025-05,active,2024-12-01
C0227,Enterprise,199,2025-06,active,2024-12-01
C0228,Enterprise,199,2024-04,active,2024-04-01
C0228,Enterprise,199,2024-05,active,2024-04-01
C0228,Enterprise,199,2024-06,active,2024-04-01
C0228,Enterprise,199,2024-07,active,2024-04-01
C0228,Enterprise,199,2024-08,active,2024-04-01
C0228,Enterprise,199,2024-09,active,2024-04-01
C0228,Enterprise,199,2024-10,active,2024-04-01
C0228,Enterprise,199,2024-11,active,2024-04-01
C0228,Enterprise,199,2024-12,active,2024-04-01
C0228,Enterprise,199,2025-01,active,2024-04-01
C0228,Enterprise,199,2025-02,active,2024-04-01
C0228,Enterprise,199,2025-03,active,2024-04-01
C0228,Enterprise,199,2025-04,active,2024-04-01
C0228,Enterprise,199,2025-05,active,2024-04-01
C0228,Enterprise,199,2025-06,active,2024-04-01
C0229,Enterprise,199,2024-05,active,2024-05-01
C0229,Enterprise,199,2024-06,active,2024-05-01
C0229,Enterprise,199,2024-07,active,2024-05-01
C0229,Enterprise,199,2024-08,active,2024-05-01
C0229,Enterprise,199,2024-09,active,2024-05-01
C0229,Enterprise,199,2024-10,active,2024-05-01
C0229,Enterprise,199,2024-11,active,2024-05-01
C0229,Enterprise,199,2024-12,active,2024-05-01
C0229,Enterprise,199,2025-01,active,2024-05-01
C0229,Enterprise,199,2025-02,active,2024-05-01
C0229,Enterprise,199,2025-03,active,2024-05-01
C0229,Enterprise,199,2025-04,active,2024-05-01
C0229,Enterprise,199,2025-05,active,2024-05-01
C0229,Enterprise,199,2025-06,active,2024-05-01
C0230,Enterprise,199,2024-12,active,2024-12-01
C0230,Enterprise,199,2025-01,active,2024-12-01
C0230,Enterprise,199,2025-02,active,2024-12-01
C0230,Enterprise,199,2025-03,active,2024-12-01
C0230,Enterprise,199,2025-04,active,2024-12-01
C0230,Enterprise,199,2025-05,active,2024-12-01
C0230,Enterprise,199,2025-06,active,2024-12-01
C0231,Basic,29,2024-05,active,2024-05-01
C0231,Basic,29,2024-06,active,2024-05-01
C0232,Basic,29,2024-04,active,2024-04-01
C0232,Basic,29,2024-05,active,2024-04-01
C0232,Basic,29,2024-06,active,2024-04-01
C0232,Basic,29,2024-07,active,2024-04-01
C0232,Basic,29,2024-08,active,2024-04-01
C0232,Basic,29,2024-09,active,2024-04-01
C0232,Basic,29,2024-10,active,2024-04-01
C0232,Basic,29,2024-11,active,2024-04-01
C0232,Basic,29,2024-12,active,2024-04-01
C0232,Basic,29,2025-01,active,2024-04-01
C0232,Basic,29,2025-02,active,2024-04-01
C0232,Basic,29,2025-03,active,2024-04-01
C0232,Basic,29,2025-04,active,2024-04-01
C0232,Basic,29,2025-05,active,2024-04-01
C0232,Basic,29,2025-06,active,2024-04-01
C0233,Basic,29,2024-11,active,2024-11-01
C0233,Basic,29,2024-12,active,2024-11-01
C0233,Basic,29,2025-01,active,2024-11-01
C0233,Basic,29,2025-02,active,2024-11-01
C0234,Basic,29,2024-11,active,2024-11-01
C0234,Basic,29,2024-12,active,2024-11-01
C0234,Basic,29,2025-01,active,2024-11-01
C0234,Basic,29,2025-02,active,2024-11-01
C0234,Basic,29,2025-03,active,2024-11-01
C0234,Basic,29,2025-04,active,2024-11-01
C0234,Basic,29,2025-05,active,2024-11-01
C0234,Basic,29,2025-06,active,2024-11-01
C0235,Basic,29,2024-03,active,2024-03-01
C0235,Basic,29,2024-04,active,2024-03-01
C0235,Basic,29,2024-05,active,2024-03-01
C0235,Basic,29,2024-06,active,2024-03-01
C0235,Basic,29,2024-07,active,2024-03-01
C0235,Basic,29,2024-08,active,2024-03-01
C0235,Basic,29,2024-09,active,2024-03-01
C0235,Basic,29,2024-10,active,2024-03-01
C0235,Basic,29,2024-11,active,2024-03-01
C0235,Basic,29,2024-12,active,2024-03-01
C0235,Basic,29,2025-01,active,2024-03-01
C0235,Basic,29,2025-02,active,2024-03-01
C0235,Basic,29,2025-03,active,2024-03-01
C0235,Basic,29,2025-04,active,2024-03-01
C0235,Basic,29,2025-05,active,2024-03-01
C0236,Basic,29,2024-09,active,2024-09-01
C0236,Basic,29,2024-10,active,2024-09-01
C0236,Basic,29,2024-11,active,2024-09-01
C0236,Basic,29,2024-12,active,2024-09-01
C0236,Basic,29,2025-01,active,2024-09-01
C0236,Basic,29,2025-02,active,2024-09-01
C0236,Basic,29,2025-03,active,2024-09-01
C0236,Basic,29,2025-04,active,2024-09-01
C0236,Basic,29,2025-05,active,2024-09-01
C0236,Basic,29,2025-06,active,2024-09-01
C0237,Enterprise,199,2024-02,active,2024-02-01
C0237,Enterprise,199,2024-03,active,2024-02-01
C0237,Enterprise,199,2024-04,active,2024-02-01
C0238,Pro,79,2024-05,active,2024-05-01
C0238,Pro,79,2024-06,active,2024-05-01
C0238,Pro,79,2024-07,active,2024-05-01
C0238,Pro,79,2024-08,active,2024-05-01
C0238,Pro,79,2024-09,active,2024-05-01
C0238,Pro,79,2024-10,active,2024-05-01
C0238,Pro,79,2024-11,active,2024-05-01
C0238,Pro,79,2024-12,active,2024-05-01
C0238,Pro,79,2025-01,active,2024-05-01
C0239,Enterprise,199,2024-04,active,2024-04-01
C0239,Enterprise,199,2024-05,active,2024-04-01
C0239,Enterprise,199,2024-06,active,2024-04-01
C0239,Enterprise,199,2024-07,active,2024-04-01
C0239,Enterprise,199,2024-08,active,2024-04-01
C0239,Enterprise,199,2024-09,active,2024-04-01
C0239,Enterprise,199,2024-10,active,2024-04-01
C0239,Enterprise,199,2024-11,active,2024-04-01
C0239,Enterprise,199,2024-12,active,2024-04-01
C0239,Enterprise,199,2025-01,active,2024-04-01
C0239,Enterprise,199,2025-02,active,2024-04-01
C0239,Enterprise,199,2025-03,active,2024-04-01
C0239,Enterprise,199,2025-04,active,2024-04-01
C0239,Enterprise,199,2025-05,active,2024-04-01
C0239,Enterprise,199,2025-06,active,2024-04-01
C0240,Pro,79,2024-05,active,2024-05-01
C0240,Pro,79,2024-06,active,2024-05-01
C0240,Pro,79,2024-07,active,2024-05-01
C0240,Pro,79,2024-08,active,2024-05-01
C0241,Pro,79,2024-02,active,2024-02-01
C0241,Pro,79,2024-03,active,2024-02-01
C0241,Pro,79,2024-04,active,2024-02-01
C0241,Pro,79,2024-05,active,2024-02-01
C0241,Pro,79,2024-06,active,2024-02-01
C0241,Pro,79,2024-07,active,2024-02-01
C0241,Pro,79,2024-08,active,2024-02-01
C0241,Pro,79,2024-09,active,2024-02-01
C0241,Pro,79,2024-10,active,2024-02-01
C0241,Pro,79,2024-11,active,2024-02-01
C0241,Pro,79,2024-12,active,2024-02-01
C0241,Pro,79,2025-01,active,2024-02-01
C0241,Pro,79,2025-02,active,2024-02-01
C0241,Pro,79,2025-03,active,2024-02-01
C0241,Pro,79,2025-04,active,2024-02-01
C0241,Pro,79,2025-05,active,2024-02-01
C0241,Pro,79,2025-06,active,2024-02-01
C0242,Basic,29,2024-01,active,2024-01-01
C0242,Basic,29,2024-02,active,2024-01-01
C0242,Basic,29,2024-03,active,2024-01-01
C0243,Basic,29,2024-09,active,2024-09-01
C0243,Basic,29,2024-10,active,2024-09-01
C0243,Basic,29,2024-11,active,2024-09-01
C0243,Basic,29,2024-12,active,2024-09-01
C0243,Basic,29,2025-01,active,2024-09-01
C0243,Basic,29,2025-02,active,2024-09-01
C0243,Basic,29,2025-03,active,2024-09-01
C0243,Basic,29,2025-04,active,2024-09-01
C0243,Basic,29,2025-05,active,2024-09-01
C0243,Basic,29,2025-06,active,2024-09-01
C0244,Pro,79,2024-04,active,2024-04-01
C0244,Pro,79,2024-05,active,2024-04-01
C0245,Basic,29,2024-04,active,2024-04-01
C0245,Basic,29,2024-05,active,2024-04-01
C0245,Basic,29,2024-06,active,2024-04-01
C0245,Basic,29,2024-07,active,2024-04-01
C0245,Basic,29,2024-08,active,2024-04-01
C0245,Basic,29,2024-09,active,2024-04-01
C0245,Basic,29,2024-10,active,2024-04-01
C0245,Basic,29,2024-11,active,2024-04-01
C0245,Basic,29,2024-12,active,2024-04-01
C0245,Basic,29,2025-01,active,2024-04-01
C0245,Basic,29,2025-02,active,2024-04-01
C0245,Basic,29,2025-03,active,2024-04-01
C0245,Basic,29,2025-04,active,2024-04-01
C0245,Basic,29,2025-05,active,2024-04-01
C0245,Basic,29,2025-06,active,2024-04-01
C0246,Basic,29,2024-03,active,2024-03-01
C0246,Basic,29,2024-04,active,2024-03-01
C0246,Basic,29,2024-05,active,2024-03-01
C0246,Basic,29,2024-06,active,2024-03-01
C0246,Basic,29,2024-07,active,2024-03-01
C0246,Basic,29,2024-08,active,2024-03-01
C0246,Basic,29,2024-09,active,2024-03-01
C0246,Basic,29,2024-10,active,2024-03-01
C0246,Basic,29,2024-11,active,2024-03-01
C0246,Basic,29,2024-12,active,2024-03-01
C0246,Basic,29,2025-01,active,2024-03-01
C0246,Basic,29,2025-02,active,2024-03-01
C0246,Basic,29,2025-03,active,2024-03-01
C0247,Basic,29,2024-08,active,2024-08-01
C0247,Basic,29,2024-09,active,2024-08-01
C0247,Basic,29,2024-10,active,2024-08-01
C0247,Basic,29,2024-11,active,2024-08-01
C0247,Basic,29,2024-12,active,2024-08-01
C0247,Basic,29,2025-01,active,2024-08-01
C0247,Basic,29,2025-02,active,2024-08-01
C0247,Basic,29,2025-03,active,2024-08-01
C0247,Basic,29,2025-04,active,2024-08-01
C0247,Basic,29,2025-05,active,2024-08-01
C0247,Basic,29,2025-06,active,2024-08-01
C0248,Pro,79,2024-09,active,2024-09-01
C0248,Pro,79,2024-10,active,2024-09-01
C0248,Pro,79,2024-11,active,2024-09-01
C0248,Pro,79,2024-12,active,2024-09-01
C0248,Pro,79,2025-01,active,2024-09-01
C0248,Pro,79,2025-02,active,2024-09-01
C0248,Pro,79,2025-03,active,2024-09-01
C0248,Pro,79,2025-04,active,2024-09-01
C0248,Pro,79,2025-05,active,2024-09-01
C0248,Pro,79,2025-06,active,2024-09-01
C0249,Enterprise,199,2024-08,active,2024-08-01
C0249,Enterprise,199,2024-09,active,2024-08-01
C0249,Enterprise,199,2024-10,active,2024-08-01
C0250,Basic,29,2024-10,active,2024-10-01
C0250,Basic,29,2024-11,active,2024-10-01
C0250,Basic,29,2024-12,active,2024-10-01
C0250,Basic,29,2025-01,active,2024-10-01
C0250,Basic,29,2025-02,active,2024-10-01
C0250,Basic,29,2025-03,active,2024-10-01
C0250,Basic,29,2025-04,active,2024-10-01
C0250,Basic,29,2025-05,active,2024-10-01
C0250,Basic,29,2025-06,active,2024-10-01
C0251,Pro,79,2024-10,active,2024-10-01
C0251,Pro,79,2024-11,active,2024-10-01
C0251,Pro,79,2024-12,active,2024-10-01
C0251,Pro,79,2025-01,active,2024-10-01
C0251,Pro,79,2025-02,active,2024-10-01
C0251,Pro,79,2025-03,active,2024-10-01
C0251,Pro,79,2025-04,active,2024-10-01
C0251,Pro,79,2025-05,active,2024-10-01
C0251,Pro,79,2025-06,active,2024-10-01
C0252,Basic,29,2024-09,active,2024-09-01
C0252,Basic,29,2024-10,active,2024-09-01
C0252,Basic,29,2024-11,active,2024-09-01
C0252,Basic,29,2024-12,active,2024-09-01
C0253,Basic,29,2024-03,active,2024-03-01
C0253,Basic,29,2024-04,active,2024-03-01
C0253,Basic,29,2024-05,active,2024-03-01
C0253,Basic,29,2024-06,active,2024-03-01
C0253,Basic,29,2024-07,active,2024-03-01
C0253,Basic,29,2024-08,active,2024-03-01
C0254,Enterprise,199,2024-04,active,2024-04-01
C0254,Enterprise,199,2024-05,active,2024-04-01
C0254,Enterprise,199,2024-06,active,2024-04-01
C0254,Enterprise,199,2024-07,active,2024-04-01
C0254,Enterprise,199,2024-08,active,2024-04-01
C0254,Enterprise,199,2024-09,active,2024-04-01
C0254,Enterprise,199,2024-10,active,2024-04-01
C0254,Enterprise,199,2024-11,active,2024-04-01
C0254,Enterprise,199,2024-12,active,2024-04-01
C0254,Enterprise,199,2025-01,active,2024-04-01
C0255,Enterprise,199,2024-04,active,2024-04-01
C0255,Enterprise,199,2024-05,active,2024-04-01
C0255,Enterprise,199,2024-06,active,2024-04-01
C0255,Enterprise,199,2024-07,active,2024-04-01
C0255,Enterprise,199,2024-08,active,2024-04-01
C0255,Enterprise,199,2024-09,active,2024-04-01
C0255,Enterprise,199,2024-10,active,2024-04-01
C0255,Enterprise,199,2024-11,active,2024-04-01
C0255,Enterprise,199,2024-12,active,2024-04-01
C0255,Enterprise,199,2025-01,active,2024-04-01
C0255,Enterprise,199,2025-02,active,2024-04-01
C0255,Enterprise,199,2025-03,active,2024-04-01
C0255,Enterprise,199,2025-04,active,2024-04-01
C0255,Enterprise,199,2025-05,active,2024-04-01
C0255,Enterprise,199,2025-06,active,2024-04-01
C0256,Basic,29,2024-04,active,2024-04-01
C0256,Basic,29,2024-05,active,2024-04-01
C0256,Basic,29,2024-06,active,2024-04-01
C0256,Basic,29,2024-07,active,2024-04-01
C0256,Basic,29,2024-08,active,2024-04-01
C0256,Basic,29,2024-09,active,2024-04-01
C0256,Basic,29,2024-10,active,2024-04-01
C0256,Basic,29,2024-11,active,2024-04-01
C0256,Basic,29,2024-12,active,2024-04-01
C0256,Basic,29,2025-01,active,2024-04-01
C0256,Basic,29,2025-02,active,2024-04-01
C0257,Basic,29,2024-01,active,2024-01-01
C0257,Basic,29,2024-02,active,2024-01-01
C0257,Basic,29,2024-03,active,2024-01-01
C0257,Basic,29,2024-04,active,2024-01-01
C0257,Basic,29,2024-05,active,2024-01-01
C0257,Basic,29,2024-06,active,2024-01-01
C0257,Basic,29,2024-07,active,2024-01-01
C0257,Basic,29,2024-08,active,2024-01-01
C0257,Basic,29,2024-09,active,2024-01-01
C0257,Basic,29,2024-10,active,2024-01-01
C0257,Basic,29,2024-11,active,2024-01-01
C0257,Basic,29,2024-12,active,2024-01-01
C0257,Basic,29,2025-01,active,2024-01-01
C0257,Basic,29,2025-02,active,2024-01-01
C0257,Basic,29,2025-03,active,2024-01-01
C0257,Basic,29,2025-04,active,2024-01-01
C0257,Basic,29,2025-05,active,2024-01-01
C0257,Basic,29,2025-06,active,2024-01-01
C0258,Basic,29,2024-08,active,2024-08-01
C0258,Basic,29,2024-09,active,2024-08-01
C0258,Basic,29,2024-10,active,2024-08-01
C0258,Basic,29,2024-11,active,2024-08-01
C0258,Basic,29,2024-12,active,2024-08-01
C0258,Basic,29,2025-01,active,2024-08-01
C0258,Basic,29,2025-02,active,2024-08-01
C0258,Basic,29,2025-03,active,2024-08-01
C0258,Basic,29,2025-04,active,2024-08-01
C0258,Basic,29,2025-05,active,2024-08-01
C0258,Basic,29,2025-06,active,2024-08-01
C0259,Pro,79,2024-11,active,2024-11-01
C0259,Pro,79,2024-12,active,2024-11-01
C0259,Pro,79,2025-01,active,2024-11-01
C0259,Pro,79,2025-02,active,2024-11-01
C0259,Pro,79,2025-03,active,2024-11-01
C0259,Pro,79,2025-04,active,2024-11-01
C0259,Pro,79,2025-05,active,2024-11-01
C0259,Pro,79,2025-06,active,2024-11-01
C0260,Basic,29,2024-10,active,2024-10-01
C0260,Basic,29,2024-11,active,2024-10-01
C0260,Basic,29,2024-12,active,2024-10-01
C0260,Basic,29,2025-01,active,2024-10-01
C0260,Basic,29,2025-02,active,2024-10-01
C0260,Basic,29,2025-03,active,2024-10-01
C0260,Basic,29,2025-04,active,2024-10-01
C0260,Basic,29,2025-05,active,2024-10-01
C0260,Basic,29,2025-06,active,2024-10-01
C0261,Enterprise,199,2024-01,active,2024-01-01
C0261,Enterprise,199,2024-02,active,2024-01-01
C0261,Enterprise,199,2024-03,active,2024-01-01
C0261,Enterprise,199,2024-04,active,2024-01-01
C0261,Enterprise,199,2024-05,active,2024-01-01
C0261,Enterprise,199,2024-06,active,2024-01-01
C0261,Enterprise,199,2024-07,active,2024-01-01
C0261,Enterprise,199,2024-08,active,2024-01-01
C0261,Enterprise,199,2024-09,active,2024-01-01
C0262,Basic,29,2024-12,active,2024-12-01
C0262,Basic,29,2025-01,active,2024-12-01
C0262,Basic,29,2025-02,active,2024-12-01
C0262,Basic,29,2025-03,active,2024-12-01
C0262,Basic,29,2025-04,active,2024-12-01
C0262,Basic,29,2025-05,active,2024-12-01
C0262,Basic,29,2025-06,active,2024-12-01
C0263,Enterprise,199,2024-07,active,2024-07-01
C0263,Enterprise,199,2024-08,active,2024-07-01
C0263,Enterprise,199,2024-09,active,2024-07-01
C0263,Enterprise,199,2024-10,active,2024-07-01
C0263,Enterprise,199,2024-11,active,2024-07-01
C0263,Enterprise,199,2024-12,active,2024-07-01
C0263,Enterprise,199,2025-01,active,2024-07-01
C0263,Enterprise,199,2025-02,active,2024-07-01
C0263,Enterprise,199,2025-03,active,2024-07-01
C0263,Enterprise,199,2025-04,active,2024-07-01
C0263,Enterprise,199,2025-05,active,2024-07-01
C0263,Enterprise,199,2025-06,active,2024-07-01
C0264,Basic,29,2024-01,active,2024-01-01
C0264,Basic,29,2024-02,active,2024-01-01
C0264,Basic,29,2024-03,active,2024-01-01
C0264,Basic,29,2024-04,active,2024-01-01
C0264,Basic,29,2024-05,active,2024-01-01
C0264,Basic,29,2024-06,active,2024-01-01
C0264,Basic,29,2024-07,active,2024-01-01
C0264,Basic,29,2024-08,active,2024-01-01
C0264,Basic,29,2024-09,active,2024-01-01
C0264,Basic,29,2024-10,active,2024-01-01
C0264,Basic,29,2024-11,active,2024-01-01
C0264,Basic,29,2024-12,active,2024-01-01
C0264,Basic,29,2025-01,active,2024-01-01
C0264,Basic,29,2025-02,active,2024-01-01
C0264,Basic,29,2025-03,active,2024-01-01
C0264,Basic,29,2025-04,active,2024-01-01
C0264,Basic,29,2025-05,active,2024-01-01
C0264,Basic,29,2025-06,active,2024-01-01
C0265,Enterprise,199,2024-10,active,2024-10-01
C0265,Enterprise,199,2024-11,active,2024-10-01
C0265,Enterprise,199,2024-12,active,2024-10-01
C0265,Enterprise,199,2025-01,active,2024-10-01
C0265,Enterprise,199,2025-02,active,2024-10-01
C0265,Enterprise,199,2025-03,active,2024-10-01
C0265,Enterprise,199,2025-04,active,2024-10-01
C0265,Enterprise,199,2025-05,active,2024-10-01
C0265,Enterprise,199,2025-06,active,2024-10-01
C0266,Basic,29,2024-06,active,2024-06-01
C0266,Basic,29,2024-07,active,2024-06-01
C0266,Basic,29,2024-08,active,2024-06-01
C0266,Basic,29,2024-09,active,2024-06-01
C0266,Basic,29,2024-10,active,2024-06-01
C0266,Basic,29,2024-11,active,2024-06-01
C0266,Basic,29,2024-12,active,2024-06-01
C0266,Basic,29,2025-01,active,2024-06-01
C0266,Basic,29,2025-02,active,2024-06-01
C0266,Basic,29,2025-03,active,2024-06-01
C0266,Basic,29,2025-04,active,2024-06-01
C0266,Basic,29,2025-05,active,2024-06-01
C0266,Basic,29,2025-06,active,2024-06-01
C0267,Basic,29,2024-01,active,2024-01-01
C0267,Basic,29,2024-02,active,2024-01-01
C0267,Basic,29,2024-03,active,2024-01-01
C0267,Basic,29,2024-04,active,2024-01-01
C0267,Basic,29,2024-05,active,2024-01-01
C0267,Basic,29,2024-06,active,2024-01-01
C0267,Basic,29,2024-07,active,2024-01-01
C0267,Basic,29,2024-08,active,2024-01-01
C0267,Basic,29,2024-09,active,2024-01-01
C0267,Basic,29,2024-10,active,2024-01-01
C0267,Basic,29,2024-11,active,2024-01-01
C0267,Basic,29,2024-12,active,2024-01-01
C0267,Basic,29,2025-01,active,2024-01-01
C0267,Basic,29,2025-02,active,2024-01-01
C0267,Basic,29,2025-03,active,2024-01-01
C0267,Basic,29,2025-04,active,2024-01-01
C0267,Basic,29,2025-05,active,2024-01-01
C0267,Basic,29,2025-06,active,2024-01-01
C0268,Pro,79,2024-06,active,2024-06-01
C0268,Pro,79,2024-07,active,2024-06-01
C0268,Pro,79,2024-08,active,2024-06-01
C0268,Pro,79,2024-09,active,2024-06-01
C0268,Pro,79,2024-10,active,2024-06-01
C0268,Pro,79,2024-11,active,2024-06-01
C0268,Pro,79,2024-12,active,2024-06-01
C0268,Pro,79,2025-01,active,2024-06-01
C0268,Pro,79,2025-02,active,2024-06-01
C0268,Pro,79,2025-03,active,2024-06-01
C0268,Pro,79,2025-04,active,2024-06-01
C0268,Pro,79,2025-05,active,2024-06-01
C0268,Pro,79,2025-06,active,2024-06-01
C0269,Pro,79,2024-09,active,2024-09-01
C0269,Pro,79,2024-10,active,2024-09-01
C0269,Pro,79,2024-11,active,2024-09-01
C0269,Pro,79,2024-12,active,2024-09-01
C0269,Pro,79,2025-01,active,2024-09-01
C0269,Pro,79,2025-02,active,2024-09-01
C0269,Pro,79,2025-03,active,2024-09-01
C0269,Pro,79,2025-04,active,2024-09-01
C0269,Pro,79,2025-05,active,2024-09-01
C0269,Pro,79,2025-06,active,2024-09-01
C0270,Pro,79,2024-02,active,2024-02-01
C0270,Pro,79,2024-03,active,2024-02-01
C0270,Pro,79,2024-04,active,2024-02-01
C0270,Pro,79,2024-05,active,2024-02-01
C0270,Pro,79,2024-06,active,2024-02-01
C0270,Pro,79,2024-07,active,2024-02-01
C0270,Pro,79,2024-08,active,2024-02-01
C0270,Pro,79,2024-09,active,2024-02-01
C0270,Pro,79,2024-10,active,2024-02-01
C0270,Pro,79,2024-11,active,2024-02-01
C0270,Pro,79,2024-12,active,2024-02-01
C0270,Pro,79,2025-01,active,2024-02-01
C0270,Pro,79,2025-02,active,2024-02-01
C0270,Pro,79,2025-03,active,2024-02-01
C0270,Pro,79,2025-04,active,2024-02-01
C0270,Pro,79,2025-05,active,2024-02-01
C0270,Pro,79,2025-06,active,2024-02-01
C0271,Basic,29,2024-09,active,2024-09-01
C0271,Basic,29,2024-10,active,2024-09-01
C0271,Basic,29,2024-11,active,2024-09-01
C0271,Basic,29,2024-12,active,2024-09-01
C0271,Basic,29,2025-01,active,2024-09-01
C0271,Basic,29,2025-02,active,2024-09-01
C0271,Basic,29,2025-03,active,2024-09-01
C0271,Basic,29,2025-04,active,2024-09-01
C0271,Basic,29,2025-05,active,2024-09-01
C0271,Basic,29,2025-06,active,2024-09-01
C0272,Basic,29,2024-01,active,2024-01-01
C0272,Basic,29,2024-02,active,2024-01-01
C0272,Basic,29,2024-03,active,2024-01-01
C0272,Basic,29,2024-04,active,2024-01-01
C0272,Basic,29,2024-05,active,2024-01-01
C0272,Basic,29,2024-06,active,2024-01-01
C0272,Basic,29,2024-07,active,2024-01-01
C0272,Basic,29,2024-08,active,2024-01-01
C0272,Basic,29,2024-09,active,2024-01-01
C0272,Basic,29,2024-10,active,2024-01-01
C0272,Basic,29,2024-11,active,2024-01-01
C0272,Basic,29,2024-12,active,2024-01-01
C0272,Basic,29,2025-01,active,2024-01-01
C0272,Basic,29,2025-02,active,2024-01-01
C0272,Basic,29,2025-03,active,2024-01-01
C0272,Basic,29,2025-04,active,2024-01-01
C0272,Basic,29,2025-05,active,2024-01-01
C0272,Basic,29,2025-06,active,2024-01-01
C0273,Basic,29,2024-08,active,2024-08-01
C0273,Basic,29,2024-09,active,2024-08-01
C0273,Basic,29,2024-10,active,2024-08-01
C0273,Basic,29,2024-11,active,2024-08-01
C0273,Basic,29,2024-12,active,2024-08-01
C0273,Basic,29,2025-01,active,2024-08-01
C0273,Basic,29,2025-02,active,2024-08-01
C0273,Basic,29,2025-03,active,2024-08-01
C0273,Basic,29,2025-04,active,2024-08-01
C0273,Basic,29,2025-05,active,2024-08-01
C0273,Basic,29,2025-06,active,2024-08-01
C0274,Basic,29,2024-01,active,2024-01-01
C0274,Basic,29,2024-02,active,2024-01-01
C0274,Basic,29,2024-03,active,2024-01-01
C0274,Basic,29,2024-04,active,2024-01-01
C0274,Basic,29,2024-05,active,2024-01-01
C0274,Basic,29,2024-06,active,2024-01-01
C0274,Basic,29,2024-07,active,2024-01-01
C0274,Basic,29,2024-08,active,2024-01-01
C0274,Basic,29,2024-09,active,2024-01-01
C0274,Basic,29,2024-10,active,2024-01-01
C0274,Basic,29,2024-11,active,2024-01-01
C0274,Basic,29,2024-12,active,2024-01-01
C0274,Basic,29,2025-01,active,2024-01-01
C0274,Basic,29,2025-02,active,2024-01-01
C0274,Basic,29,2025-03,active,2024-01-01
C0274,Basic,29,2025-04,active,2024-01-01
C0274,Basic,29,2025-05,active,2024-01-01
C0274,Basic,29,2025-06,active,2024-01-01
C0275,Basic,29,2024-12,active,2024-12-01
C0275,Basic,29,2025-01,active,2024-12-01
C0275,Basic,29,2025-02,active,2024-12-01
C0275,Basic,29,2025-03,active,2024-12-01
C0275,Basic,29,2025-04,active,2024-12-01
C0275,Basic,29,2025-05,active,2024-12-01
C0275,Basic,29,2025-06,active,2024-12-01
C0276,Pro,79,2024-02,active,2024-02-01
C0276,Pro,79,2024-03,active,2024-02-01
C0276,Pro,79,2024-04,active,2024-02-01
C0276,Pro,79,2024-05,active,2024-02-01
C0276,Pro,79,2024-06,active,2024-02-01
C0276,Pro,79,2024-07,active,2024-02-01
C0276,Pro,79,2024-08,active,2024-02-01
C0276,Pro,79,2024-09,active,2024-02-01
C0276,Pro,79,2024-10,active,2024-02-01
C0276,Pro,79,2024-11,active,2024-02-01
C0276,Pro,79,2024-12,active,2024-02-01
C0276,Pro,79,2025-01,active,2024-02-01
C0276,Pro,79,2025-02,active,2024-02-01
C0276,Pro,79,2025-03,active,2024-02-01
C0276,Pro,79,2025-04,active,2024-02-01
C0276,Pro,79,2025-05,active,2024-02-01
C0277,Basic,29,2024-11,active,2024-11-01
C0277,Basic,29,2024-12,active,2024-11-01
C0277,Basic,29,2025-01,active,2024-11-01
C0278,Pro,79,2024-11,active,2024-11-01
C0278,Pro,79,2024-12,active,2024-11-01
C0278,Pro,79,2025-01,active,2024-11-01
C0278,Pro,79,2025-02,active,2024-11-01
C0279,Pro,79,2024-08,active,2024-08-01
C0279,Pro,79,2024-09,active,2024-08-01
C0279,Pro,79,2024-10,active,2024-08-01
C0279,Pro,79,2024-11,active,2024-08-01
C0279,Pro,79,2024-12,active,2024-08-01
C0279,Pro,79,2025-01,active,2024-08-01
C0279,Pro,79,2025-02,active,2024-08-01
C0279,Pro,79,2025-03,active,2024-08-01
C0279,Pro,79,2025-04,active,2024-08-01
C0279,Pro,79,2025-05,active,2024-08-01
C0279,Pro,79,2025-06,active,2024-08-01
C0280,Pro,79,2024-11,active,2024-11-01
C0280,Pro,79,2024-12,active,2024-11-01
C0280,Pro,79,2025-01,active,2024-11-01
C0280,Pro,79,2025-02,active,2024-11-01
C0280,Pro,79,2025-03,active,2024-11-01
C0280,Pro,79,2025-04,active,2024-11-01
C0280,Pro,79,2025-05,active,2024-11-01
C0280,Pro,79,2025-06,active,2024-11-01
C0281,Enterprise,199,2024-05,active,2024-05-01
C0281,Enterprise,199,2024-06,active,2024-05-01
C0281,Enterprise,199,2024-07,active,2024-05-01
C0281,Enterprise,199,2024-08,active,2024-05-01
C0281,Enterprise,199,2024-09,active,2024-05-01
C0281,Enterprise,199,2024-10,active,2024-05-01
C0281,Enterprise,199,2024-11,active,2024-05-01
C0281,Enterprise,199,2024-12,active,2024-05-01
C0281,Enterprise,199,2025-01,active,2024-05-01
C0281,Enterprise,199,2025-02,active,2024-05-01
C0281,Enterprise,199,2025-03,active,2024-05-01
C0281,Enterprise,199,2025-04,active,2024-05-01
C0281,Enterprise,199,2025-05,active,2024-05-01
C0281,Enterprise,199,2025-06,active,2024-05-01
C0282,Pro,79,2024-09,active,2024-09-01
C0282,Pro,79,2024-10,active,2024-09-01
C0282,Pro,79,2024-11,active,2024-09-01
C0282,Pro,79,2024-12,active,2024-09-01
C0282,Pro,79,2025-01,active,2024-09-01
C0282,Pro,79,2025-02,active,2024-09-01
C0282,Pro,79,2025-03,active,2024-09-01
C0282,Pro,79,2025-04,active,2024-09-01
C0282,Pro,79,2025-05,active,2024-09-01
C0282,Pro,79,2025-06,active,2024-09-01
C0283,Pro,79,2024-04,active,2024-04-01
C0283,Pro,79,2024-05,active,2024-04-01
C0283,Pro,79,2024-06,active,2024-04-01
C0283,Pro,79,2024-07,active,2024-04-01
C0283,Pro,79,2024-08,active,2024-04-01
C0283,Pro,79,2024-09,active,2024-04-01
C0283,Pro,79,2024-10,active,2024-04-01
C0283,Pro,79,2024-11,active,2024-04-01
C0283,Pro,79,2024-12,active,2024-04-01
C0283,Pro,79,2025-01,active,2024-04-01
C0283,Pro,79,2025-02,active,2024-04-01
C0283,Pro,79,2025-03,active,2024-04-01
C0283,Pro,79,2025-04,active,2024-04-01
C0283,Pro,79,2025-05,active,2024-04-01
C0283,Pro,79,2025-06,active,2024-04-01
C0284,Basic,29,2024-11,active,2024-11-01
C0284,Basic,29,2024-12,active,2024-11-01
C0284,Basic,29,2025-01,active,2024-11-01
C0284,Basic,29,2025-02,active,2024-11-01
C0284,Basic,29,2025-03,active,2024-11-01
C0284,Basic,29,2025-04,active,2024-11-01
C0284,Basic,29,2025-05,active,2024-11-01
C0284,Basic,29,2025-06,active,2024-11-01
C0285,Enterprise,199,2024-11,active,2024-11-01
C0285,Enterprise,199,2024-12,active,2024-11-01
C0285,Enterprise,199,2025-01,active,2024-11-01
C0285,Enterprise,199,2025-02,active,2024-11-01
C0285,Enterprise,199,2025-03,active,2024-11-01
C0286,Pro,79,2024-10,active,2024-10-01
C0286,Pro,79,2024-11,active,2024-10-01
C0286,Pro,79,2024-12,active,2024-10-01
C0286,Pro,79,2025-01,active,2024-10-01
C0286,Pro,79,2025-02,active,2024-10-01
C0286,Pro,79,2025-03,active,2024-10-01
C0286,Pro,79,2025-04,active,2024-10-01
C0286,Pro,79,2025-05,active,2024-10-01
C0286,Pro,79,2025-06,active,2024-10-01
C0287,Enterprise,199,2024-10,active,2024-10-01
C0287,Enterprise,199,2024-11,active,2024-10-01
C0287,Enterprise,199,2024-12,active,2024-10-01
C0287,Enterprise,199,2025-01,active,2024-10-01
C0287,Enterprise,199,2025-02,active,2024-10-01
C0287,Enterprise,199,2025-03,active,2024-10-01
C0287,Enterprise,199,2025-04,active,2024-10-01
C0287,Enterprise,199,2025-05,active,2024-10-01
C0287,Enterprise,199,2025-06,active,2024-10-01
C0288,Pro,79,2024-05,active,2024-05-01
C0288,Pro,79,2024-06,active,2024-05-01
C0288,Pro,79,2024-07,active,2024-05-01
C0289,Pro,79,2024-07,active,2024-07-01
C0289,Pro,79,2024-08,active,2024-07-01
C0289,Pro,79,2024-09,active,2024-07-01
C0289,Pro,79,2024-10,active,2024-07-01
C0289,Pro,79,2024-11,active,2024-07-01
C0289,Pro,79,2024-12,active,2024-07-01
C0289,Pro,79,2025-01,active,2024-07-01
C0289,Pro,79,2025-02,active,2024-07-01
C0289,Pro,79,2025-03,active,2024-07-01
C0289,Pro,79,2025-04,active,2024-07-01
C0289,Pro,79,2025-05,active,2024-07-01
C0289,Pro,79,2025-06,active,2024-07-01
C0290,Basic,29,2024-08,active,2024-08-01
C0290,Basic,29,2024-09,active,2024-08-01
C0290,Basic,29,2024-10,active,2024-08-01
C0290,Basic,29,2024-11,active,2024-08-01
C0290,Basic,29,2024-12,active,2024-08-01
C0290,Basic,29,2025-01,active,2024-08-01
C0290,Basic,29,2025-02,active,2024-08-01
C0290,Basic,29,2025-03,active,2024-08-01
C0290,Basic,29,2025-04,active,2024-08-01
C0290,Basic,29,2025-05,active,2024-08-01
C0290,Basic,29,2025-06,active,2024-08-01
C0291,Basic,29,2024-07,active,2024-07-01
C0291,Basic,29,2024-08,active,2024-07-01
C0291,Basic,29,2024-09,active,2024-07-01
C0291,Basic,29,2024-10,active,2024-07-01
C0291,Basic,29,2024-11,active,2024-07-01
C0291,Basic,29,2024-12,active,2024-07-01
C0291,Basic,29,2025-01,active,2024-07-01
C0291,Basic,29,2025-02,active,2024-07-01
C0291,Basic,29,2025-03,active,2024-07-01
C0291,Basic,29,2025-04,active,2024-07-01
C0291,Basic,29,2025-05,active,2024-07-01
C0291,Basic,29,2025-06,active,2024-07-01
C0292,Pro,79,2024-07,active,2024-07-01
C0292,Pro,79,2024-08,active,2024-07-01
C0292,Pro,79,2024-09,active,2024-07-01
C0292,Pro,79,2024-10,active,2024-07-01
C0292,Pro,79,2024-11,active,2024-07-01
C0292,Pro,79,2024-12,active,2024-07-01
C0292,Pro,79,2025-01,active,2024-07-01
C0292,Pro,79,2025-02,active,2024-07-01
C0292,Pro,79,2025-03,active,2024-07-01
C0292,Pro,79,2025-04,active,2024-07-01
C0292,Pro,79,2025-05,active,2024-07-01
C0292,Pro,79,2025-06,active,2024-07-01
C0293,Pro,79,2024-07,active,2024-07-01
C0293,Pro,79,2024-08,active,2024-07-01
C0293,Pro,79,2024-09,active,2024-07-01
C0293,Pro,79,2024-10,active,2024-07-01
C0293,Pro,79,2024-11,active,2024-07-01
C0293,Pro,79,2024-12,active,2024-07-01
C0293,Pro,79,2025-01,active,2024-07-01
C0293,Pro,79,2025-02,active,2024-07-01
C0293,Pro,79,2025-03,active,2024-07-01
C0293,Pro,79,2025-04,active,2024-07-01
C0293,Pro,79,2025-05,active,2024-07-01
C0293,Pro,79,2025-06,active,2024-07-01
C0294,Basic,29,2024-11,active,2024-11-01
C0294,Basic,29,2024-12,active,2024-11-01
C0294,Basic,29,2025-01,active,2024-11-01
C0294,Basic,29,2025-02,active,2024-11-01
C0294,Basic,29,2025-03,active,2024-11-01
C0294,Basic,29,2025-04,active,2024-11-01
C0294,Basic,29,2025-05,active,2024-11-01
C0294,Basic,29,2025-06,active,2024-11-01
C0295,Pro,79,2024-08,active,2024-08-01
C0295,Pro,79,2024-09,active,2024-08-01
C0295,Pro,79,2024-10,active,2024-08-01
C0295,Pro,79,2024-11,active,2024-08-01
C0295,Pro,79,2024-12,active,2024-08-01
C0295,Pro,79,2025-01,active,2024-08-01
C0295,Pro,79,2025-02,active,2024-08-01
C0295,Pro,79,2025-03,active,2024-08-01
C0295,Pro,79,2025-04,active,2024-08-01
C0295,Pro,79,2025-05,active,2024-08-01
C0296,Enterprise,199,2024-05,active,2024-05-01
C0296,Enterprise,199,2024-06,active,2024-05-01
C0297,Pro,79,2024-10,active,2024-10-01
C0297,Pro,79,2024-11,active,2024-10-01
C0297,Pro,79,2024-12,active,2024-10-01
C0297,Pro,79,2025-01,active,2024-10-01
C0297,Pro,79,2025-02,active,2024-10-01
C0297,Pro,79,2025-03,active,2024-10-01
C0297,Pro,79,2025-04,active,2024-10-01
C0297,Pro,79,2025-05,active,2024-10-01
C0297,Pro,79,2025-06,active,2024-10-01
C0298,Basic,29,2024-08,active,2024-08-01
C0298,Basic,29,2024-09,active,2024-08-01
C0298,Basic,29,2024-10,active,2024-08-01
C0298,Basic,29,2024-11,active,2024-08-01
C0298,Basic,29,2024-12,active,2024-08-01
C0298,Basic,29,2025-01,active,2024-08-01
C0298,Basic,29,2025-02,active,2024-08-01
C0298,Basic,29,2025-03,active,2024-08-01
C0298,Basic,29,2025-04,active,2024-08-01
C0298,Basic,29,2025-05,active,2024-08-01
C0298,Basic,29,2025-06,active,2024-08-01
C0299,Basic,29,2024-02,active,2024-02-01
C0299,Basic,29,2024-03,active,2024-02-01
C0299,Basic,29,2024-04,active,2024-02-01
C0299,Basic,29,2024-05,active,2024-02-01
C0299,Basic,29,2024-06,active,2024-02-01
C0299,Basic,29,2024-07,active,2024-02-01
C0299,Basic,29,2024-08,active,2024-02-01
C0299,Basic,29,2024-09,active,2024-02-01
C0299,Basic,29,2024-10,active,2024-02-01
C0300,Enterprise,199,2024-01,active,2024-01-01
C0300,Enterprise,199,2024-02,active,2024-01-01
C0300,Enterprise,199,2024-03,active,2024-01-01
C0300,Enterprise,199,2024-04,active,2024-01-01
C0300,Enterprise,199,2024-05,active,2024-01-01
C0300,Enterprise,199,2024-06,active,2024-01-01
C0300,Enterprise,199,2024-07,active,2024-01-01
C0300,Enterprise,199,2024-08,active,2024-01-01
C0300,Enterprise,199,2024-09,active,2024-01-01
C0300,Enterprise,199,2024-10,active,2024-01-01
C0300,Enterprise,199,2024-11,active,2024-01-01
C0300,Enterprise,199,2024-12,active,2024-01-01
C0300,Enterprise,199,2025-01,active,2024-01-01
C0300,Enterprise,199,2025-02,active,2024-01-01
C0300,Enterprise,199,2025-03,active,2024-01-01
C0300,Enterprise,199,2025-04,active,2024-01-01
C0300,Enterprise,199,2025-05,active,2024-01-01
C0300,Enterprise,199,2025-06,active,2024-01-01
